team,season,top_archetype,r2,w_Under-center TE motion,"w_Under-center outside, static",w_Downhill under center,w_Motion stretch,w_Gun RPO inside,w_QB-run spread,run_dir,shotgun_share,te_minus_backs,motion_rate,rpo_rate,qb_run_share,comps
ARI,2022,QB-run spread,0.97,0.041,0.0,0.0,0.0,0.438,0.521,-0.2077,0.7101,0.4444,0.401,0.1449,0.1516,"IND 2024, IND 2025, CIN 2022"
ARI,2023,"Under-center outside, static",0.81,0.106,0.499,0.0,0.0,0.0,0.395,0.0306,0.4714,0.69,0.3624,0.0655,0.1391,"PIT 2024, PHI 2025, SEA 2022"
ARI,2024,"Under-center outside, static",0.58,0.204,0.503,0.0,0.0,0.0,0.293,-0.0256,0.5436,0.9692,0.3538,0.0205,0.0845,"SEA 2022, DAL 2022, PIT 2024"
ARI,2025,"Under-center outside, static",0.91,0.0,0.958,0.0,0.0,0.0,0.042,0.1687,0.3193,0.6446,0.506,0.0301,0.0621,"CLE 2022, NO 2024, DAL 2022"
ATL,2022,Motion stretch,0.74,0.0,0.278,0.0,0.611,0.0,0.111,0.5779,0.6436,0.1592,0.5225,0.0484,0.0912,"CLE 2022, GB 2022, NYJ 2024"
ATL,2023,Motion stretch,0.81,0.0,0.416,0.0,0.584,0.0,0.0,0.5882,0.6364,0.1364,0.5942,0.0325,0.0581,"CLE 2022, NYJ 2024, GB 2022"
ATL,2024,Motion stretch,0.93,0.002,0.12,0.0,0.878,0.0,0.0,0.5463,0.7006,0.0924,0.7643,0.0414,0.0187,"MIA 2025, MIA 2023, MIA 2024"
ATL,2025,Motion stretch,0.64,0.013,0.245,0.0,0.597,0.125,0.02,0.2852,0.6957,0.5812,0.7292,0.1083,0.0107,"NYJ 2024, GB 2022, WAS 2022"
BAL,2022,QB-run spread,0.68,0.0,0.0,0.068,0.415,0.0,0.517,0.0323,0.8548,-0.2621,0.5242,0.0282,0.1869,"BUF 2022, WAS 2025, PHI 2024"
BAL,2023,QB-run spread,0.67,0.0,0.0,0.246,0.313,0.0,0.441,-0.0239,0.7081,-0.5502,0.5742,0.0766,0.1772,"BUF 2022, CHI 2022, NYJ 2025"
BAL,2024,QB-run spread,0.66,0.0,0.0,0.363,0.208,0.0,0.429,-0.0216,0.5304,-0.2078,0.5152,0.039,0.1779,"BUF 2022, CHI 2022, SF 2022"
BAL,2025,"Under-center outside, static",0.91,0.0,0.356,0.233,0.162,0.0,0.25,0.016,0.4143,0.0797,0.5538,0.0797,0.0772,"DAL 2023, NYG 2022, HOU 2022"
BUF,2022,QB-run spread,0.92,0.0,0.0,0.326,0.153,0.0,0.521,-0.0443,0.5468,-0.1626,0.4039,0.0788,0.1646,"BAL 2024, BAL 2023, BAL 2025"
BUF,2023,QB-run spread,0.87,0.0,0.0,0.291,0.0,0.287,0.422,-0.2672,0.5402,0.0382,0.3626,0.2023,0.1149,"IND 2022, NYG 2024, CLE 2024"
BUF,2024,QB-run spread,0.5,0.0,0.0,0.318,0.0,0.255,0.427,-0.1395,0.3876,0.0465,0.4419,0.1395,0.1485,"CLE 2024, NYG 2024, NYJ 2025"
BUF,2025,QB-run spread,0.47,0.349,0.011,0.277,0.004,0.0,0.36,-0.1042,0.2162,0.2819,0.6332,0.1236,0.1069,"NYG 2022, JAX 2025, NYG 2023"
CAR,2022,"Under-center outside, static",0.58,0.086,0.293,0.259,0.0,0.27,0.093,-0.1855,0.3065,0.3775,0.3414,0.0683,0.0496,"NE 2024, JAX 2024, LV 2025"
CAR,2023,Gun RPO inside,0.6,0.0,0.334,0.167,0.079,0.42,0.0,-0.1094,0.5947,0.2293,0.4699,0.109,0.0037,"WAS 2023, IND 2022, DAL 2025"
CAR,2024,Gun RPO inside,0.82,0.069,0.19,0.367,0.0,0.375,0.0,-0.2193,0.3289,0.2368,0.4518,0.0833,0.0044,"DEN 2024, NE 2024, DAL 2025"
CAR,2025,Gun RPO inside,0.88,0.104,0.189,0.063,0.0,0.644,0.0,-0.2308,0.3905,0.5839,0.5547,0.208,0.0179,"IND 2022, SEA 2024, DEN 2022"
CHI,2022,QB-run spread,0.53,0.051,0.262,0.124,0.138,0.0,0.425,0.1336,0.3831,0.0927,0.4234,0.0484,0.2,"BAL 2024, BAL 2025, NYG 2022"
CHI,2023,QB-run spread,0.72,0.091,0.321,0.0,0.129,0.0,0.459,0.1675,0.5178,0.3503,0.4822,0.1015,0.1688,"ARI 2023, NYG 2023, NYG 2022"
CHI,2024,"Under-center outside, static",0.68,0.046,0.53,0.0,0.0,0.326,0.098,0.0097,0.3932,0.4903,0.4272,0.0971,0.0679,"LAC 2022, NE 2024, TEN 2025"
CHI,2025,Under-center TE motion,0.91,0.45,0.305,0.0,0.059,0.025,0.161,0.0131,0.2443,0.671,0.658,0.0847,0.0583,"MIN 2023, NYJ 2023, DAL 2022"
CIN,2022,Gun RPO inside,0.93,0.0,0.0,0.107,0.005,0.659,0.228,-0.2043,0.6989,0.172,0.3602,0.1452,0.0558,"IND 2025, KC 2025, IND 2022"
CIN,2023,Gun RPO inside,0.95,0.0,0.0,0.0,0.0,0.975,0.025,-0.262,0.7446,0.2193,0.4706,0.3316,0.026,"IND 2023, KC 2022, KC 2025"
CIN,2024,Gun RPO inside,0.91,0.055,0.134,0.0,0.063,0.695,0.054,-0.1897,0.6821,0.4564,0.4923,0.1128,0.0201,"IND 2025, JAX 2023, KC 2025"
CIN,2025,Gun RPO inside,0.91,0.012,0.0,0.05,0.037,0.853,0.047,-0.3166,0.6131,0.3618,0.6533,0.2613,0.034,"KC 2024, IND 2025, IND 2023"
CLE,2022,"Under-center outside, static",0.92,0.024,0.736,0.0,0.18,0.0,0.06,0.2571,0.3214,0.3179,0.425,0.0429,0.0728,"DEN 2023, MIN 2025, ARI 2025"
CLE,2023,"Under-center outside, static",0.98,0.163,0.433,0.102,0.088,0.136,0.078,0.0238,0.4286,0.3412,0.5137,0.0667,0.0449,"DAL 2022, TEN 2023, NYJ 2023"
CLE,2024,Gun RPO inside,0.63,0.038,0.122,0.084,0.146,0.324,0.287,-0.0306,0.5204,0.2398,0.5,0.1173,0.1009,"NYG 2023, GB 2025, LAC 2022"
CLE,2025,"Under-center outside, static",0.6,0.23,0.344,0.117,0.0,0.278,0.031,-0.17,0.3701,0.6378,0.563,0.0787,0.0155,"SEA 2023, TEN 2023, TB 2023"
DAL,2022,"Under-center outside, static",0.98,0.224,0.579,0.004,0.0,0.095,0.098,0.0634,0.3353,0.5422,0.4127,0.0392,0.0541,"CLE 2023, NYJ 2023, TEN 2023"
DAL,2023,"Under-center outside, static",0.9,0.0,0.562,0.228,0.028,0.126,0.057,0.0363,0.3711,0.1598,0.4278,0.0876,0.049,"DEN 2023, MIN 2025, CLE 2023"
DAL,2024,Downhill under center,0.79,0.0,0.271,0.436,0.0,0.101,0.191,-0.1935,0.4718,0.1411,0.3871,0.0444,0.0534,"HOU 2022, NE 2022, TB 2023"
DAL,2025,Downhill under center,0.92,0.096,0.168,0.356,0.122,0.225,0.033,-0.125,0.3725,0.1172,0.6211,0.0977,0.0229,"PIT 2022, DEN 2024, CLE 2023"
DEN,2022,Gun RPO inside,0.84,0.26,0.242,0.0,0.0,0.395,0.103,-0.0836,0.3953,0.6711,0.4286,0.093,0.0505,"SEA 2023, NE 2024, JAX 2023"
DEN,2023,"Under-center outside, static",0.78,0.0,0.739,0.163,0.035,0.064,0.0,0.1512,0.267,0.2039,0.4272,0.0874,0.0507,"MIN 2025, DAL 2023, CLE 2022"
DEN,2024,Downhill under center,0.79,0.059,0.314,0.337,0.0,0.24,0.05,-0.1082,0.3348,0.2078,0.4719,0.0736,0.0494,"NE 2024, MIN 2022, DAL 2023"
DEN,2025,"Under-center outside, static",0.37,0.0,0.394,0.1,0.183,0.116,0.207,0.0855,0.342,0.119,0.5576,0.1747,0.0756,"LAC 2022, CLE 2024, DAL 2023"
DET,2022,"Under-center outside, static",0.98,0.246,0.348,0.201,0.188,0.017,0.0,0.1024,0.2688,0.2244,0.5197,0.0276,0.0155,"TB 2024, HOU 2024, NYJ 2023"
DET,2023,"Under-center outside, static",0.93,0.303,0.423,0.005,0.241,0.027,0.0,0.1973,0.3038,0.3503,0.6122,0.0544,0.0167,"TB 2024, HOU 2024, MIN 2023"
DET,2024,"Under-center outside, static",0.77,0.197,0.632,0.0,0.107,0.064,0.0,0.2414,0.2731,0.5402,0.5172,0.0613,0.0076,"HOU 2024, MIN 2023, CLE 2022"
DET,2025,"Under-center outside, static",0.91,0.258,0.576,0.063,0.103,0.0,0.0,0.0965,0.1923,0.4962,0.6192,0.0654,0.0114,"HOU 2024, TB 2024, MIN 2023"
GB,2022,"Under-center outside, static",0.87,0.0,0.424,0.0,0.288,0.288,0.0,0.1951,0.5325,0.2834,0.4575,0.085,0.012,"NYJ 2024, PIT 2025, TEN 2025"
GB,2023,Under-center TE motion,0.88,0.423,0.0,0.0,0.224,0.286,0.066,-0.0323,0.5396,0.5018,0.7133,0.1004,0.0346,"LAC 2023, TEN 2024, NYJ 2022"
GB,2024,Gun RPO inside,0.88,0.019,0.0,0.0,0.32,0.66,0.0,-0.0896,0.6642,0.2425,0.6978,0.1381,0.0219,"CIN 2025, KC 2023, KC 2022"
GB,2025,Gun RPO inside,0.8,0.158,0.082,0.0,0.251,0.365,0.144,-0.0034,0.4605,0.3918,0.6667,0.1924,0.0521,"PIT 2023, LAC 2022, TEN 2025"
HOU,2022,"Under-center outside, static",0.86,0.0,0.401,0.379,0.0,0.036,0.184,-0.0861,0.3421,0.1573,0.3296,0.0412,0.0697,"DAL 2024, NE 2025, DAL 2023"
HOU,2023,Downhill under center,0.95,0.0,0.392,0.518,0.089,0.0,0.001,-0.0075,0.3008,-0.1654,0.4624,0.0376,0.0327,"MIN 2024, NE 2025, MIN 2022"
HOU,2024,"Under-center outside, static",0.78,0.151,0.511,0.108,0.104,0.126,0.0,0.1128,0.3074,0.358,0.5058,0.0584,0.0,"DET 2025, DET 2024, DET 2022"
HOU,2025,Downhill under center,0.89,0.121,0.0,0.678,0.046,0.0,0.155,-0.2555,0.3431,-0.1423,0.6241,0.0328,0.042,"LV 2023, DAL 2025, LAC 2025"
IND,2022,Gun RPO inside,0.92,0.0,0.184,0.239,0.0,0.47,0.107,-0.1756,0.4962,0.2366,0.3817,0.0992,0.0438,"SEA 2024, WAS 2023, CAR 2025"
IND,2023,Gun RPO inside,0.9,0.0,0.0,0.0,0.003,0.854,0.143,-0.2326,0.8359,0.2132,0.5,0.3411,0.0584,"CIN 2023, CIN 2025, CIN 2022"
IND,2024,QB-run spread,0.96,0.071,0.0,0.0,0.118,0.229,0.582,-0.1353,0.794,0.3895,0.4532,0.0974,0.1331,"PHI 2024, ARI 2022, WAS 2025"
IND,2025,Gun RPO inside,0.9,0.027,0.062,0.071,0.0,0.616,0.224,-0.2683,0.6057,0.4858,0.5344,0.2065,0.0463,"CIN 2022, CIN 2024, SEA 2024"
JAX,2022,Under-center TE motion,0.72,0.407,0.0,0.0,0.171,0.077,0.345,0.0361,0.5622,0.5863,0.5422,0.0562,0.0879,"LAC 2023, TEN 2024, GB 2023"
JAX,2023,Gun RPO inside,0.75,0.236,0.108,0.0,0.028,0.395,0.233,-0.1689,0.653,0.4977,0.5114,0.1279,0.056,"SEA 2024, CIN 2024, LAC 2023"
JAX,2024,"Under-center outside, static",0.62,0.0,0.43,0.089,0.0,0.368,0.112,-0.1967,0.4435,0.5356,0.3389,0.0837,0.0516,"SEA 2022, CAR 2022, NE 2024"
JAX,2025,Under-center TE motion,0.84,0.382,0.0,0.191,0.134,0.0,0.292,-0.0909,0.3273,0.3091,0.6909,0.0864,0.0833,"NYG 2022, PIT 2022, BUF 2025"
KC,2022,Gun RPO inside,0.82,0.0,0.028,0.0,0.129,0.843,0.0,0.0164,0.6025,0.4918,0.4795,0.1967,0.0121,"CIN 2023, CIN 2024, IND 2023"
KC,2023,Gun RPO inside,0.72,0.176,0.045,0.0,0.173,0.55,0.056,-0.019,0.6958,0.5985,0.6023,0.1856,0.0258,"CIN 2024, GB 2025, JAX 2023"
KC,2024,Gun RPO inside,0.93,0.179,0.0,0.0,0.0,0.821,0.0,-0.3603,0.5973,0.6409,0.5436,0.1309,0.01,"CIN 2024, CIN 2025, CAR 2025"
KC,2025,Gun RPO inside,0.86,0.0,0.267,0.0,0.0,0.713,0.02,-0.1405,0.5579,0.4545,0.4876,0.2355,0.0082,"CIN 2024, CIN 2022, IND 2025"
LA,2022,Under-center TE motion,0.52,0.332,0.0,0.21,0.289,0.169,0.0,0.0679,0.1719,0.0679,0.6652,0.0905,0.0636,"PIT 2023, JAX 2025, PIT 2022"
LA,2023,Under-center TE motion,0.87,0.443,0.0,0.262,0.295,0.0,0.0,-0.0538,0.2819,0.05,0.8231,0.0385,0.0152,"NYJ 2022, SF 2023, SF 2024"
LA,2024,Under-center TE motion,0.87,0.503,0.0,0.315,0.182,0.0,0.0,-0.1419,0.297,0.2112,0.7855,0.0165,0.035,"NYJ 2022, SF 2024, SF 2023"
LA,2025,Under-center TE motion,1.0,1.0,0.0,0.0,0.0,0.0,0.0,-0.0851,0.0851,0.9681,0.7979,0.0035,0.014,"NO 2022, NYJ 2022, CHI 2025"
LAC,2022,Gun RPO inside,0.64,0.028,0.398,0.069,0.094,0.41,0.0,0.042,0.3671,0.2815,0.4454,0.1092,0.0442,"TEN 2025, CHI 2024, GB 2025"
LAC,2023,Under-center TE motion,0.77,0.384,0.006,0.0,0.165,0.176,0.268,-0.037,0.5984,0.5123,0.6066,0.0902,0.0651,"JAX 2022, TEN 2024, GB 2023"
LAC,2024,Downhill under center,0.79,0.0,0.009,0.566,0.32,0.0,0.104,0.0041,0.527,-0.3719,0.4876,0.0165,0.0397,"SF 2022, HOU 2023, SF 2025"
LAC,2025,Downhill under center,0.89,0.0,0.0,0.629,0.266,0.0,0.105,-0.1163,0.4233,-0.5535,0.6233,0.0465,0.0402,"SF 2022, SF 2025, HOU 2025"
LV,2022,Downhill under center,1.0,0.0,0.0,1.0,0.0,0.0,0.0,-0.2472,0.163,-0.4539,0.4576,0.0185,0.0217,"HOU 2025, LAC 2025, HOU 2023"
LV,2023,Downhill under center,0.96,0.229,0.119,0.577,0.001,0.0,0.074,-0.1564,0.218,-0.0332,0.5545,0.0142,0.058,"NE 2025, HOU 2025, HOU 2023"
LV,2024,Under-center TE motion,0.68,0.508,0.0,0.079,0.0,0.246,0.167,-0.3333,0.4875,0.625,0.6167,0.0417,0.0476,"TB 2022, NE 2023, SEA 2023"
LV,2025,Under-center TE motion,0.5,0.29,0.082,0.264,0.0,0.157,0.207,-0.3014,0.311,0.5933,0.5311,0.0766,0.0457,"CAR 2022, TB 2023, NE 2022"
MIA,2022,Downhill under center,0.83,0.028,0.0,0.489,0.484,0.0,0.0,0.0081,0.3563,-0.4879,0.7419,0.0242,0.012,"SF 2023, SF 2024, SF 2025"
MIA,2023,Motion stretch,0.94,0.0,0.0,0.164,0.836,0.0,0.0,0.3021,0.6302,-0.5938,0.8229,0.0312,0.0204,"SF 2023, ATL 2024, SF 2024"
MIA,2024,Motion stretch,0.88,0.135,0.0,0.172,0.693,0.0,0.0,0.1742,0.5417,-0.2008,0.8598,0.0227,0.04,"SF 2023, SF 2024, LA 2023"
MIA,2025,Motion stretch,0.96,0.0,0.0,0.051,0.949,0.0,0.0,0.2626,0.5859,-0.6111,0.8485,0.1111,0.0149,"ATL 2024, SF 2023, SF 2022"
MIN,2022,"Under-center outside, static",0.73,0.065,0.373,0.342,0.087,0.134,0.0,0.045,0.2027,0.0721,0.455,0.0676,0.0263,"DEN 2024, HOU 2024, DAL 2023"
MIN,2023,"Under-center outside, static",0.75,0.25,0.522,0.077,0.045,0.068,0.038,0.1004,0.2358,0.3983,0.5368,0.0779,0.0571,"CHI 2025, NYJ 2023, DET 2025"
MIN,2024,"Under-center outside, static",0.92,0.0,0.573,0.427,0.0,0.0,0.0,-0.0155,0.2073,0.1503,0.399,0.0311,0.0446,"NE 2025, SEA 2025, HOU 2023"
MIN,2025,"Under-center outside, static",0.73,0.058,0.558,0.224,0.087,0.046,0.026,0.045,0.2162,0.2432,0.5856,0.0991,0.0472,"DEN 2023, DAL 2023, NYJ 2023"
NE,2022,Downhill under center,0.56,0.0,0.204,0.39,0.0,0.337,0.069,-0.2869,0.3893,0.2664,0.3115,0.0615,0.0279,"CAR 2022, TB 2023, LV 2025"
NE,2023,Gun RPO inside,0.71,0.449,0.0,0.036,0.0,0.477,0.037,-0.3934,0.4057,0.7049,0.5492,0.1107,0.024,"SEA 2023, LV 2024, LV 2025"
NE,2024,"Under-center outside, static",0.78,0.133,0.384,0.141,0.0,0.309,0.033,-0.1233,0.3607,0.4658,0.4429,0.0731,0.0395,"CAR 2022, DEN 2024, TEN 2023"
NE,2025,Downhill under center,0.89,0.0,0.404,0.509,0.0,0.0,0.087,-0.1077,0.2162,0.0115,0.5154,0.0346,0.0614,"MIN 2024, HOU 2022, HOU 2023"
NO,2022,Under-center TE motion,0.97,0.539,0.088,0.119,0.0,0.254,0.0,-0.0903,0.1949,0.5343,0.5523,0.0542,0.0177,"NYJ 2023, TB 2022, CHI 2025"
NO,2023,QB-run spread,0.49,0.281,0.07,0.282,0.0,0.0,0.366,-0.1292,0.1818,0.2344,0.4689,0.0383,0.1739,"BUF 2025, NYG 2022, CHI 2022"
NO,2024,"Under-center outside, static",0.87,0.015,0.89,0.0,0.095,0.0,0.0,0.3226,0.2782,0.3871,0.4234,0.0202,0.0159,"DET 2025, CLE 2022, ARI 2025"
NO,2025,QB-run spread,0.69,0.225,0.0,0.0,0.0,0.0,0.775,-0.2353,0.549,0.3775,0.6765,0.1618,0.2093,"NYJ 2025, PHI 2024, IND 2024"
NYG,2022,QB-run spread,0.86,0.303,0.169,0.166,0.032,0.0,0.33,-0.0082,0.3402,0.3197,0.4631,0.0451,0.1191,"JAX 2025, BUF 2025, CLE 2023"
NYG,2023,QB-run spread,0.65,0.243,0.068,0.099,0.124,0.129,0.338,-0.0457,0.4898,0.2741,0.5482,0.1269,0.1005,"CLE 2024, PIT 2023, TEN 2024"
NYG,2024,QB-run spread,0.82,0.209,0.093,0.165,0.0,0.047,0.486,-0.139,0.4459,0.3812,0.4395,0.0807,0.1357,"BUF 2025, CLE 2024, CHI 2024"
NYG,2025,QB-run spread,0.79,0.0,0.28,0.0,0.0,0.198,0.522,-0.004,0.6048,0.6426,0.3936,0.2249,0.1011,"PHI 2025, IND 2024, WAS 2024"
NYJ,2022,Under-center TE motion,0.94,0.554,0.0,0.03,0.276,0.072,0.068,0.0449,0.3837,0.4187,0.6423,0.0203,0.0238,"GB 2023, DET 2022, TB 2024"
NYJ,2023,"Under-center outside, static",0.96,0.251,0.435,0.185,0.0,0.119,0.01,-0.0273,0.2636,0.3773,0.5182,0.0591,0.0393,"MIN 2023, TEN 2023, CLE 2023"
NYJ,2024,Motion stretch,0.89,0.132,0.315,0.0,0.335,0.217,0.0,0.1918,0.5163,0.3862,0.5976,0.0691,0.004,"GB 2022, PIT 2025, DET 2023"
NYJ,2025,QB-run spread,0.59,0.107,0.0,0.097,0.161,0.156,0.48,-0.1735,0.5153,0.1531,0.699,0.199,0.1366,"CLE 2024, NO 2025, NYG 2023"
PHI,2022,QB-run spread,0.93,0.0,0.0,0.0,0.0,0.0,1.0,-0.0144,0.8612,0.378,0.2105,0.1579,0.2482,"WAS 2024, NYG 2025, ARI 2022"
PHI,2023,QB-run spread,0.94,0.0,0.0,0.01,0.0,0.0,0.99,-0.2095,0.9426,0.2667,0.2333,0.1333,0.2135,"WAS 2024, IND 2024, NYG 2025"
PHI,2024,QB-run spread,0.93,0.119,0.0,0.0,0.09,0.0,0.791,-0.1264,0.8314,0.4406,0.4598,0.0766,0.1894,"IND 2024, WAS 2024, WAS 2025"
PHI,2025,QB-run spread,0.95,0.0,0.397,0.0,0.0,0.0,0.603,-0.0121,0.6073,0.5385,0.4372,0.1336,0.1241,"NYG 2025, IND 2024, ARI 2023"
PIT,2022,Under-center TE motion,1.0,0.291,0.035,0.216,0.148,0.164,0.145,-0.0421,0.3819,0.2233,0.5307,0.0583,0.055,"DAL 2025, TEN 2024, JAX 2025"
PIT,2023,Under-center TE motion,0.73,0.37,0.045,0.01,0.125,0.321,0.129,-0.0486,0.4126,0.4062,0.6215,0.1458,0.0588,"GB 2025, LAC 2022, TB 2025"
PIT,2024,"Under-center outside, static",0.85,0.336,0.481,0.0,0.0,0.0,0.183,0.0487,0.2846,0.7341,0.4644,0.0412,0.0887,"TEN 2022, DAL 2022, CHI 2025"
PIT,2025,"Under-center outside, static",0.74,0.146,0.341,0.0,0.178,0.335,0.0,0.0677,0.4023,0.609,0.6391,0.1617,0.0,"NYJ 2024, GB 2022, LAC 2022"
SEA,2022,"Under-center outside, static",0.61,0.035,0.552,0.0,0.0,0.257,0.156,-0.0749,0.3733,0.7004,0.2731,0.0793,0.0697,"JAX 2024, DEN 2022, CAR 2022"
SEA,2023,Gun RPO inside,0.69,0.314,0.242,0.022,0.0,0.404,0.019,-0.2181,0.4481,0.6393,0.4918,0.0902,0.0161,"CLE 2025, DEN 2022, TB 2023"
SEA,2024,Gun RPO inside,0.94,0.196,0.023,0.173,0.0,0.44,0.168,-0.2407,0.5417,0.3843,0.5046,0.088,0.0485,"IND 2022, JAX 2023, TB 2023"
SEA,2025,"Under-center outside, static",0.9,0.0,0.757,0.243,0.0,0.0,0.0,0.0038,0.1925,0.3811,0.4906,0.0491,0.0149,"MIN 2024, DEN 2023, TEN 2023"
SF,2022,Downhill under center,0.99,0.046,0.0,0.459,0.362,0.0,0.133,0.0217,0.426,-0.2274,0.5487,0.0397,0.0578,"LAC 2025, DAL 2025, LAC 2024"
SF,2023,Motion stretch,0.9,0.101,0.0,0.446,0.453,0.0,0.0,0.0547,0.375,-0.3672,0.7422,0.0195,0.0519,"MIA 2022, MIA 2024, LA 2023"
SF,2024,Downhill under center,0.88,0.088,0.0,0.538,0.374,0.0,0.0,-0.0048,0.3541,-0.2871,0.7081,0.0144,0.0543,"MIA 2022, LAC 2025, MIA 2024"
SF,2025,Downhill under center,0.85,0.05,0.0,0.631,0.315,0.0,0.004,-0.0714,0.2738,-0.4484,0.7222,0.0159,0.0597,"LAC 2025, MIA 2022, LV 2023"
TB,2022,Under-center TE motion,0.76,0.408,0.064,0.206,0.021,0.254,0.047,-0.1371,0.3831,0.4073,0.5242,0.0363,0.0159,"CLE 2025, PIT 2022, LV 2024"
TB,2023,Gun RPO inside,0.48,0.153,0.21,0.185,0.0,0.304,0.147,-0.252,0.5415,0.4134,0.4409,0.0787,0.0379,"CLE 2025, SEA 2023, CAR 2022"
TB,2024,"Under-center outside, static",1.0,0.216,0.411,0.195,0.156,0.007,0.015,0.0752,0.3421,0.2996,0.5543,0.03,0.0326,"DET 2022, CLE 2023, DET 2025"
TB,2025,Gun RPO inside,0.93,0.295,0.0,0.136,0.101,0.468,0.0,-0.1488,0.3391,0.3772,0.6886,0.173,0.0069,"PIT 2023, PIT 2022, LAC 2022"
TEN,2022,"Under-center outside, static",0.87,0.364,0.544,0.0,0.0,0.0,0.093,0.0382,0.2214,0.6565,0.4122,0.0,0.0709,"PIT 2024, DAL 2022, CHI 2025"
TEN,2023,"Under-center outside, static",0.86,0.138,0.461,0.222,0.0,0.179,0.0,-0.089,0.3701,0.3463,0.4664,0.0495,0.0208,"CLE 2025, NYJ 2023, CLE 2023"
TEN,2024,Under-center TE motion,0.73,0.328,0.046,0.044,0.178,0.191,0.214,-0.0579,0.5496,0.4198,0.5844,0.0576,0.0545,"LAC 2023, PIT 2022, JAX 2022"
TEN,2025,Gun RPO inside,0.84,0.0,0.381,0.017,0.111,0.491,0.0,-0.0204,0.4133,0.3367,0.5714,0.2041,0.0249,"LAC 2022, GB 2025, CHI 2024"
WAS,2022,Motion stretch,0.74,0.276,0.0,0.0,0.382,0.342,0.0,0.1656,0.5061,0.4877,0.6933,0.1104,0.021,"GB 2023, NYJ 2024, GB 2025"
WAS,2023,Gun RPO inside,0.82,0.0,0.226,0.21,0.056,0.37,0.138,-0.1271,0.5967,0.1271,0.4365,0.1381,0.0423,"IND 2022, CAR 2023, SEA 2024"
WAS,2024,QB-run spread,0.97,0.0,0.0,0.0,0.158,0.006,0.836,-0.0144,0.8804,0.2536,0.3923,0.1148,0.1931,"PHI 2024, IND 2024, PHI 2022"
WAS,2025,QB-run spread,0.71,0.222,0.0,0.0,0.212,0.043,0.523,-0.0986,0.6948,0.5211,0.6573,0.108,0.1013,"IND 2024, JAX 2022, LAC 2023"
