season,team,rush_n,pct_end,pct_tackle,pct_guard,pct_middle,dropback_n,pa_rate,cluster
2022,BAL,302,0.2649006622516556,0.2582781456953642,0.314569536423841,0.162251655629139,369,0.2737127371273712,0
2022,CAR,258,0.1550387596899224,0.251937984496124,0.2713178294573643,0.3217054263565891,269,0.3382899628252788,0
2022,CLE,301,0.2093023255813953,0.3986710963455149,0.3255813953488372,0.0664451827242525,342,0.2426900584795321,0
2022,HOU,287,0.229965156794425,0.2404181184668989,0.2473867595818815,0.2822299651567944,332,0.3042168674698795,0
2022,LAC,247,0.2105263157894736,0.291497975708502,0.3036437246963562,0.194331983805668,470,0.3276595744680851,0
2022,MIA,249,0.2730923694779116,0.2329317269076305,0.2570281124497992,0.2369477911646586,385,0.348051948051948,0
2022,SEA,241,0.1991701244813278,0.2655601659751037,0.3153526970954357,0.2199170124481327,404,0.2747524752475248,0
2022,TEN,282,0.2588652482269503,0.2659574468085106,0.2411347517730496,0.2340425531914893,299,0.3076923076923077,0
2023,CLE,263,0.2205323193916349,0.2965779467680608,0.3460076045627376,0.1368821292775665,388,0.2628865979381443,0
2023,GB,287,0.2125435540069686,0.2613240418118467,0.2961672473867596,0.229965156794425,377,0.2917771883289125,0
2023,HOU,274,0.2262773722627737,0.2627737226277372,0.2591240875912409,0.2518248175182482,375,0.2906666666666667,0
2023,IND,274,0.1532846715328467,0.2445255474452554,0.2007299270072992,0.4014598540145985,370,0.2594594594594595,0
2023,NYJ,225,0.2222222222222222,0.2533333333333333,0.2577777777777778,0.2666666666666666,328,0.2621951219512195,0
2023,SEA,247,0.1983805668016194,0.1902834008097166,0.3076923076923077,0.3036437246963562,401,0.28428927680798,0
2023,TB,263,0.155893536121673,0.2205323193916349,0.247148288973384,0.376425855513308,405,0.2839506172839506,0
2023,TEN,285,0.231578947368421,0.2210526315789473,0.2666666666666666,0.2807017543859649,345,0.3188405797101449,0
2024,CAR,229,0.1659388646288209,0.2270742358078602,0.296943231441048,0.3100436681222707,309,0.3171521035598705,0
2024,CLE,217,0.2027649769585253,0.2949308755760368,0.3087557603686636,0.1935483870967742,348,0.293103448275862,0
2024,DEN,243,0.2222222222222222,0.2181069958847736,0.3621399176954732,0.1975308641975308,352,0.3011363636363636,0
2024,IND,302,0.1986754966887417,0.2483443708609271,0.23841059602649,0.314569536423841,321,0.3426791277258567,0
2024,LA,311,0.1897106109324758,0.2347266881028939,0.2508038585209003,0.3247588424437299,400,0.3675,0
2024,LAC,250,0.224,0.264,0.232,0.28,374,0.3422459893048128,0
2024,NYG,258,0.1589147286821705,0.2674418604651162,0.3333333333333333,0.2403100775193798,324,0.3024691358024691,0
2024,PIT,290,0.2,0.3137931034482759,0.3,0.1862068965517241,359,0.3119777158774373,0
2024,TEN,253,0.2569169960474308,0.2094861660079051,0.2648221343873518,0.2687747035573122,297,0.3131313131313131,0
2025,BAL,271,0.2472324723247232,0.2841328413284132,0.2988929889298893,0.1697416974169741,278,0.2482014388489208,0
2025,BUF,288,0.1805555555555555,0.2673611111111111,0.2847222222222222,0.2673611111111111,376,0.2978723404255319,0
2025,CAR,276,0.1847826086956521,0.2065217391304347,0.3007246376811594,0.3079710144927536,355,0.2816901408450704,0
2025,CHI,319,0.219435736677116,0.2852664576802508,0.3166144200626959,0.1786833855799373,409,0.3789731051344743,0
2025,CLE,257,0.1906614785992217,0.2217898832684824,0.3151750972762646,0.2723735408560311,313,0.3067092651757188,0
2025,DAL,259,0.1737451737451737,0.2586872586872586,0.2471042471042471,0.3204633204633205,373,0.3351206434316354,0
2025,IND,255,0.1686274509803921,0.192156862745098,0.2039215686274509,0.4352941176470588,368,0.3315217391304347,0
2025,LA,284,0.1584507042253521,0.2957746478873239,0.2535211267605634,0.2922535211267605,462,0.3484848484848485,0
2025,LAC,224,0.1919642857142857,0.25,0.2455357142857142,0.3125,378,0.2724867724867725,0
2025,LV,218,0.1513761467889908,0.1926605504587156,0.3761467889908257,0.2798165137614679,311,0.3311897106109325,0
2025,NYG,276,0.1557971014492753,0.3369565217391304,0.2536231884057971,0.2536231884057971,325,0.3046153846153846,0
2025,PHI,281,0.2348754448398576,0.2455516014234875,0.3131672597864768,0.2064056939501779,369,0.2682926829268293,0
2025,TEN,200,0.225,0.27,0.26,0.245,265,0.290566037735849,0
2025,WAS,236,0.2161016949152542,0.2669491525423729,0.2923728813559322,0.2245762711864407,290,0.3068965517241379,0
2022,ARI,240,0.2083333333333333,0.2125,0.1708333333333333,0.4083333333333333,373,0.195710455764075,1
2022,BUF,238,0.2773109243697479,0.1890756302521008,0.2731092436974789,0.2605042016806723,455,0.2241758241758241,1
2022,CHI,302,0.3609271523178808,0.2450331125827814,0.3013245033112582,0.0927152317880794,295,0.2813559322033898,1
2022,DEN,313,0.2396166134185303,0.2204472843450479,0.2779552715654952,0.2619808306709265,422,0.2227488151658767,1
2022,GB,248,0.3790322580645161,0.2137096774193548,0.189516129032258,0.2177419354838709,335,0.3074626865671642,1
2022,JAX,269,0.3494423791821561,0.1598513011152416,0.1598513011152416,0.3308550185873606,374,0.2352941176470588,1
2022,KC,246,0.3089430894308943,0.2032520325203252,0.2357723577235772,0.2520325203252032,539,0.1910946196660482,1
2022,MIN,226,0.2964601769911504,0.2168141592920354,0.2300884955752212,0.2566371681415929,395,0.3417721518987341,1
2022,NYG,277,0.2671480144404332,0.2346570397111913,0.2490974729241877,0.2490974729241877,392,0.2729591836734694,1
2022,NYJ,251,0.3147410358565737,0.199203187250996,0.2629482071713147,0.2231075697211155,367,0.220708446866485,1
2022,PHI,275,0.2363636363636363,0.2472727272727272,0.2,0.3163636363636363,409,0.2200488997555012,1
2022,SF,292,0.2397260273972602,0.25,0.2157534246575342,0.2945205479452055,352,0.2585227272727273,1
2022,WAS,331,0.323262839879154,0.2628398791540785,0.2779456193353474,0.1359516616314199,318,0.2672955974842767,1
2023,BAL,251,0.2948207171314741,0.2270916334661354,0.3147410358565737,0.1633466135458167,397,0.2367758186397985,1
2023,DAL,202,0.2623762376237624,0.2524752475247525,0.2524752475247525,0.2326732673267326,343,0.2798833819241982,1
2023,DEN,215,0.2930232558139535,0.2697674418604651,0.2604651162790697,0.1767441860465116,272,0.2242647058823529,1
2023,JAX,230,0.2956521739130435,0.1130434782608695,0.2608695652173913,0.3304347826086956,348,0.2442528735632184,1
2023,KC,267,0.3295880149812734,0.1573033707865168,0.2883895131086142,0.2247191011235955,515,0.1980582524271844,1
2023,LA,264,0.2727272727272727,0.1969696969696969,0.2159090909090909,0.3143939393939394,389,0.1953727506426735,1
2023,LAC,260,0.2692307692307692,0.2115384615384615,0.2307692307692307,0.2884615384615384,439,0.2414578587699316,1
2023,MIA,193,0.5233160621761658,0.1243523316062176,0.1450777202072538,0.2072538860103626,332,0.2801204819277108,1
2023,NYG,215,0.2465116279069767,0.2325581395348837,0.2325581395348837,0.2883720930232558,310,0.2354838709677419,1
2023,PHI,267,0.2771535580524344,0.1310861423220973,0.2921348314606741,0.299625468164794,401,0.2793017456359102,1
2023,SF,268,0.2313432835820895,0.2761194029850746,0.2164179104477611,0.2761194029850746,374,0.232620320855615,1
2024,BAL,278,0.3093525179856115,0.2266187050359712,0.2949640287769784,0.1690647482014388,305,0.3180327868852459,1
2024,CHI,219,0.3424657534246575,0.182648401826484,0.2602739726027397,0.2146118721461187,310,0.2612903225806451,1
2024,GB,274,0.2445255474452554,0.2116788321167883,0.2408759124087591,0.3029197080291971,258,0.2596899224806202,1
2024,HOU,258,0.2906976744186046,0.2674418604651162,0.2403100775193798,0.2015503875968992,420,0.2785714285714286,1
2024,JAX,250,0.188,0.2,0.18,0.432,315,0.273015873015873,1
2024,MIN,199,0.2663316582914573,0.2110552763819095,0.2261306532663316,0.2964824120603015,367,0.2779291553133515,1
2024,SF,221,0.253393665158371,0.2217194570135746,0.2262443438914027,0.2986425339366516,306,0.2483660130718954,1
2024,TB,271,0.2546125461254612,0.2804428044280442,0.2841328413284132,0.1808118081180811,365,0.2356164383561644,1
2024,WAS,258,0.3294573643410852,0.2209302325581395,0.2248062015503876,0.2248062015503876,420,0.2547619047619047,1
2025,DEN,291,0.2783505154639175,0.2611683848797251,0.2611683848797251,0.1993127147766323,489,0.2597137014314928,1
2025,GB,303,0.2838283828382838,0.2178217821782178,0.2277227722772277,0.2706270627062706,368,0.2690217391304347,1
2025,JAX,239,0.301255230125523,0.1506276150627615,0.1966527196652719,0.3514644351464435,361,0.2576177285318559,1
2025,PIT,266,0.2631578947368421,0.2706766917293233,0.2368421052631578,0.2293233082706766,390,0.2307692307692307,1
2025,SEA,266,0.3458646616541353,0.1541353383458646,0.244360902255639,0.2556390977443609,316,0.2911392405063291,1
2025,SF,267,0.2546816479400749,0.198501872659176,0.2921348314606741,0.2546816479400749,376,0.2819148936170212,1
2022,CIN,197,0.1522842639593908,0.233502538071066,0.3756345177664975,0.2385786802030456,449,0.1380846325167037,2
2022,IND,271,0.1254612546125461,0.2804428044280442,0.2214022140221402,0.3726937269372694,349,0.2177650429799427,2
2022,LV,275,0.1818181818181818,0.1890909090909091,0.3272727272727272,0.3018181818181818,365,0.2712328767123287,2
2022,NE,249,0.1686746987951807,0.180722891566265,0.3333333333333333,0.3172690763052209,358,0.2067039106145251,2
2022,NO,280,0.2035714285714285,0.25,0.4035714285714286,0.1428571428571428,272,0.1985294117647058,2
2022,PIT,326,0.1993865030674846,0.2668711656441718,0.2914110429447852,0.2423312883435582,391,0.1713554987212276,2
2022,TB,250,0.188,0.24,0.308,0.264,412,0.1820388349514563,2
2023,BUF,294,0.2040816326530612,0.1530612244897959,0.3673469387755102,0.2755102040816326,435,0.2206896551724138,2
2023,CAR,265,0.1698113207547169,0.2754716981132075,0.3056603773584905,0.2490566037735849,338,0.1923076923076923,2
2023,CIN,192,0.21875,0.140625,0.3385416666666667,0.3020833333333333,411,0.2116788321167883,2
2023,LV,222,0.1981981981981982,0.2027027027027027,0.2702702702702703,0.3288288288288288,303,0.2475247524752475,2
2023,NE,250,0.148,0.148,0.308,0.396,359,0.1838440111420612,2
2023,NO,252,0.1865079365079365,0.2619047619047619,0.4087301587301587,0.1428571428571428,345,0.1681159420289855,2
2023,PIT,303,0.1815181518151815,0.2706270627062706,0.3465346534653465,0.2013201320132013,343,0.1924198250728863,2
2023,WAS,189,0.1851851851851851,0.2592592592592592,0.3333333333333333,0.2222222222222222,360,0.225,2
2024,BUF,301,0.1495016611295681,0.2425249169435216,0.362126245847176,0.2458471760797342,366,0.2377049180327868,2
2024,CIN,197,0.1776649746192893,0.2233502538071066,0.3705583756345177,0.2284263959390862,451,0.2106430155210643,2
2024,DAL,258,0.2093023255813953,0.1937984496124031,0.2984496124031007,0.2984496124031007,352,0.2528409090909091,2
2024,KC,298,0.1845637583892617,0.1375838926174496,0.4026845637583892,0.2751677852348993,514,0.2529182879377432,2
2024,LV,250,0.156,0.164,0.32,0.36,357,0.2829131652661064,2
2024,NE,223,0.1928251121076233,0.242152466367713,0.3139013452914798,0.2511210762331838,315,0.2412698412698412,2
2024,PHI,320,0.221875,0.225,0.35,0.203125,341,0.2668621700879765,2
2024,SEA,222,0.1891891891891892,0.1846846846846846,0.3648648648648648,0.2612612612612612,354,0.2401129943502825,2
2025,CIN,206,0.1553398058252427,0.1796116504854369,0.3834951456310679,0.2815533980582524,371,0.1859838274932614,2
2025,HOU,282,0.1312056737588652,0.2375886524822695,0.3439716312056737,0.2872340425531915,417,0.2661870503597122,2
2025,KC,244,0.1721311475409836,0.2581967213114754,0.3032786885245901,0.2663934426229508,417,0.2014388489208633,2
2025,NE,274,0.1861313868613138,0.2445255474452554,0.3029197080291971,0.2664233576642336,445,0.2449438202247191,2
2025,NO,256,0.21484375,0.171875,0.36328125,0.25,342,0.2514619883040935,2
2025,NYJ,225,0.1955555555555555,0.2444444444444444,0.3555555555555555,0.2044444444444444,215,0.2465116279069767,2
2025,TB,291,0.2164948453608247,0.2130584192439862,0.3367697594501718,0.2336769759450171,365,0.2191780821917808,2
2022,ATL,315,0.4317460317460317,0.365079365079365,0.1555555555555555,0.0476190476190476,276,0.4202898550724637,3
2022,DAL,350,0.2657142857142857,0.2628571428571428,0.2,0.2714285714285714,388,0.2963917525773196,3
2022,DET,256,0.21875,0.328125,0.12890625,0.32421875,316,0.310126582278481,3
2022,LA,233,0.2489270386266094,0.2918454935622318,0.2145922746781116,0.2446351931330472,318,0.3522012578616352,3
2023,ARI,263,0.2737642585551331,0.2661596958174905,0.1330798479087452,0.3269961977186312,295,0.3050847457627119,3
2023,ATL,320,0.39375,0.4,0.125,0.08125,365,0.3205479452054794,3
2023,CHI,237,0.3333333333333333,0.2827004219409282,0.240506329113924,0.1434599156118143,295,0.3016949152542373,3
2023,DET,297,0.303030303030303,0.2895622895622896,0.1414141414141414,0.265993265993266,380,0.2552631578947368,3
2023,MIN,239,0.2552301255230125,0.2803347280334728,0.2343096234309623,0.2301255230125523,401,0.3615960099750623,3
2024,ARI,212,0.2641509433962264,0.2452830188679245,0.1462264150943396,0.3443396226415094,319,0.3103448275862069,3
2024,ATL,315,0.4158730158730159,0.3523809523809524,0.1841269841269841,0.0476190476190476,378,0.1825396825396825,3
2024,DET,263,0.2661596958174905,0.3498098859315589,0.1368821292775665,0.247148288973384,305,0.3639344262295082,3
2024,MIA,271,0.3579335793357933,0.2250922509225092,0.1623616236162361,0.2546125461254612,334,0.3053892215568862,3
2024,NO,250,0.364,0.3,0.252,0.084,290,0.2655172413793103,3
2024,NYJ,246,0.3008130081300813,0.2967479674796748,0.1707317073170731,0.2317073170731707,397,0.2821158690176322,3
2025,ARI,176,0.2443181818181818,0.3352272727272727,0.1022727272727272,0.3181818181818182,339,0.3244837758112094,3
2025,ATL,279,0.2365591397849462,0.4014336917562724,0.2473118279569892,0.1146953405017921,356,0.2584269662921348,3
2025,DET,260,0.2192307692307692,0.3269230769230769,0.2115384615384615,0.2423076923076923,327,0.3119266055045872,3
2025,MIA,198,0.3636363636363636,0.2676767676767677,0.1818181818181818,0.1868686868686868,235,0.3617021276595745,3
2025,MIN,228,0.2982456140350877,0.2236842105263158,0.1842105263157894,0.293859649122807,306,0.3300653594771242,3
