season,team,cluster,pc1,pc2,pct_under_center,pct_top_personnel,rush_rate,pa_personnel_match,disguise_entropy,outside_run_rate,pa_boot_rate,motion_rate,designed_qb_run_rate,rpo_rate,no_huddle_rate
2022,ARI,2,3.5997,0.1818,0.1313,0.5981,0.4239,0.8277,0.8912,0.4208,0.1096,0.3442,0.0599,0.0828,0.3442
2022,ATL,5,-1.0218,3.93,0.2576,0.3098,0.5673,0.9061,0.8188,0.7968,0.2414,0.5219,0.0488,0.0539,0.1414
2022,BAL,1,0.325,1.4642,0.1157,0.3546,0.503,0.9167,0.8544,0.5232,0.198,0.5015,0.0846,0.0475,0.0371
2022,BUF,3,1.8747,-0.7662,0.2729,0.6929,0.4,0.7929,0.9217,0.4664,0.1667,0.4054,0.0586,0.0458,0.0974
2022,CAR,1,-0.0458,0.6107,0.5132,0.6617,0.5159,0.9514,0.9371,0.407,0.2857,0.3755,0.1182,0.0453,0.0509
2022,CHI,5,-0.4651,2.6537,0.3799,0.5493,0.5789,0.884,0.9071,0.606,0.2651,0.4314,0.102,0.038,0.0364
2022,CIN,3,2.7229,-3.6705,0.1382,0.8925,0.3425,0.8989,0.8567,0.3858,0.0484,0.2152,0.0215,0.0681,0.017
2022,CLE,5,-0.8697,1.5221,0.4636,0.5426,0.4977,0.8529,0.8409,0.608,0.3373,0.4193,0.0341,0.0311,0.0916
2022,DAL,1,-0.3037,0.885,0.4628,0.6089,0.4905,0.911,0.8926,0.5286,0.2783,0.4181,0.0365,0.0311,0.1353
2022,DEN,1,1.1097,0.3679,0.3973,0.4986,0.45,0.8259,0.9077,0.4601,0.2447,0.3437,0.0216,0.0595,0.0487
2022,DET,4,-0.7289,0.2199,0.5061,0.6021,0.4643,0.8571,0.8881,0.5469,0.2245,0.4878,0.007,0.028,0.035
2022,GB,1,0.7421,0.317,0.3299,0.5214,0.4386,0.9428,0.9351,0.5927,0.1942,0.4384,0.0051,0.0822,0.0154
2022,HOU,1,0.367,0.9155,0.4579,0.4628,0.4798,0.7921,0.9079,0.4704,0.1782,0.356,0.0533,0.0243,0.0566
2022,IND,3,1.46,-1.0225,0.2919,0.7464,0.4561,0.9253,0.858,0.4059,0.1711,0.2937,0.0191,0.0594,0.1284
2022,JAX,1,0.9608,-0.1571,0.2734,0.6359,0.4409,0.8457,0.8739,0.5093,0.2159,0.459,0.0445,0.0603,0.0587
2022,KC,3,2.2285,-1.0124,0.1916,0.552,0.3549,0.7812,0.8582,0.5122,0.2427,0.4975,0.0063,0.117,0.0038
2022,LA,4,-0.7745,-0.855,0.5598,0.9275,0.4531,0.9784,0.8818,0.5408,0.3571,0.4855,0.0379,0.0634,0.0634
2022,LAC,3,0.4028,-1.456,0.3928,0.6379,0.3616,0.8657,0.8321,0.502,0.2597,0.3942,0.0153,0.0557,0.0641
2022,LV,4,-0.9478,-1.397,0.535,0.6019,0.4519,0.8247,0.767,0.3709,0.1111,0.3947,0.0186,0.014,0.0265
2022,MIA,4,-1.08,-0.6128,0.3616,0.4025,0.4113,0.9145,0.7869,0.506,0.1716,0.6898,0.0047,0.063,0.0268
2022,MIN,4,-0.555,-0.3755,0.5289,0.6736,0.3772,0.893,0.8385,0.5133,0.2074,0.3859,0.3018,0.0338,0.1527
2022,NE,3,0.7344,-2.1971,0.3601,0.7643,0.437,0.9008,0.8604,0.3494,0.0405,0.4138,0.0115,0.0411,0.0345
2022,NO,5,-1.1905,1.1111,0.5558,0.4227,0.5216,0.7989,0.7751,0.4536,0.2037,0.343,0.1061,0.0289,0.009
2022,NYG,1,0.8321,1.0731,0.4083,0.62,0.4829,0.8681,0.8916,0.5018,0.3645,0.3522,0.0507,0.0627,0.1433
2022,NYJ,4,-0.5235,-0.4501,0.3847,0.5682,0.4265,0.914,0.8535,0.5139,0.2469,0.5698,0.0258,0.0519,0.0308
2022,PHI,2,4.3389,0.5032,0.0916,0.75,0.4477,0.889,0.9272,0.4836,0.2667,0.2009,0.1017,0.1368,0.2213
2022,PIT,1,0.2529,0.9933,0.3472,0.6889,0.4806,0.8129,0.7965,0.4663,0.3134,0.3983,0.3181,0.0585,0.0989
2022,SEA,1,0.4492,0.0787,0.357,0.4714,0.4083,0.9379,0.8518,0.4647,0.3423,0.305,0.057,0.0418,0.1625
2022,SF,5,-1.0653,1.084,0.37,0.3963,0.4659,0.8768,0.825,0.4897,0.2418,0.5759,0.2198,0.0402,0.017
2022,TB,4,-0.3543,-1.6549,0.3744,0.6677,0.382,0.9174,0.8291,0.428,0.0533,0.4729,0.2195,0.0226,0.0738
2022,TEN,5,-1.5869,2.0069,0.4957,0.4905,0.5077,0.8985,0.8423,0.5248,0.1739,0.3821,0.4286,0.0155,0.0361
2022,WAS,1,0.3036,0.8286,0.3328,0.6411,0.5307,0.9572,0.856,0.5861,0.1412,0.5315,0.0107,0.1091,0.0522
2023,ARI,1,0.6833,1.4144,0.341,0.5613,0.4956,0.8797,0.9361,0.5399,0.3111,0.4067,0.069,0.0551,0.0568
2023,ATL,5,-0.9716,2.9056,0.246,0.4052,0.5043,0.806,0.842,0.7938,0.3162,0.5919,0.0275,0.0289,0.0695
2023,BAL,1,1.1453,0.3713,0.1369,0.7077,0.4678,0.8819,0.8989,0.5219,0.3191,0.5092,0.069,0.0523,0.0754
2023,BUF,3,2.0082,-0.8181,0.2603,0.6945,0.4473,0.9439,0.9125,0.3571,0.2292,0.4411,0.0465,0.0959,0.1027
2023,CAR,3,0.6327,-1.0363,0.2252,0.8377,0.4703,0.9682,0.8246,0.4453,0.3538,0.4023,0.0033,0.0646,0.0579
2023,CHI,5,0.016,1.7178,0.2528,0.634,0.5038,0.8938,0.8771,0.616,0.4607,0.5358,0.0752,0.066,0.0491
2023,CIN,3,2.4556,-2.6707,0.135,0.7217,0.3499,0.9625,0.8386,0.3594,0.2874,0.4267,0.0133,0.1317,0.0217
2023,CLE,1,0.0535,-0.2489,0.3425,0.708,0.4307,0.8516,0.8717,0.5171,0.4118,0.4526,0.0198,0.0291,0.0489
2023,DAL,4,-0.1537,-0.7835,0.3631,0.6204,0.3996,0.851,0.8183,0.5149,0.3438,0.4745,0.0201,0.0511,0.0182
2023,DEN,1,0.5014,0.8492,0.4469,0.6367,0.4837,0.7357,0.8347,0.5628,0.2459,0.3714,0.0224,0.0551,0.0816
2023,DET,4,-1.294,-0.1762,0.4668,0.6263,0.4462,0.8963,0.8522,0.5926,0.2062,0.5451,0.0133,0.0251,0.0325
2023,GB,1,0.0158,-0.0876,0.3363,0.5566,0.4535,0.9496,0.9196,0.4739,0.2273,0.6275,0.0165,0.0573,0.0468
2023,HOU,4,-1.7658,-0.1872,0.427,0.7834,0.4516,0.9585,0.7989,0.4891,0.4037,0.5207,0.2565,0.02,0.0568
2023,IND,2,5.3794,0.1939,0.0983,0.7613,0.4488,0.7091,0.921,0.3978,0.25,0.4836,0.0248,0.1919,0.1794
2023,JAX,3,2.0084,-0.422,0.2003,0.6304,0.4389,0.7821,0.8732,0.4087,0.2738,0.4508,0.0224,0.076,0.038
2023,KC,3,1.2812,-0.7426,0.1809,0.6153,0.3964,0.8685,0.9227,0.4869,0.2549,0.6229,0.0305,0.0726,0.0115
2023,LA,4,-1.6279,-2.2576,0.3911,0.9617,0.4227,0.9683,0.7843,0.4697,0.2895,0.7193,0.0276,0.023,0.092
2023,LAC,3,1.0017,-0.5289,0.2014,0.6643,0.4186,0.9206,0.8547,0.4808,0.2925,0.58,0.0271,0.0743,0.15
2023,LV,4,-1.8583,-1.2618,0.5095,0.7652,0.4367,0.9612,0.8032,0.4009,0.12,0.5644,0.3157,0.017,0.0398
2023,MIA,4,-1.9051,-1.516,0.1879,0.7761,0.3883,0.959,0.7222,0.6477,0.2717,0.814,0.0795,0.0474,0.0228
2023,MIN,4,-1.237,-0.5853,0.5117,0.6019,0.4102,0.9707,0.8322,0.5356,0.2483,0.4914,0.0573,0.0373,0.1151
2023,NE,3,0.6623,-1.048,0.3668,0.4671,0.4302,0.9536,0.8634,0.296,0.197,0.5132,0.0099,0.0724,0.0872
2023,NO,4,-0.5718,-0.482,0.4013,0.5836,0.4365,0.8678,0.7539,0.4484,0.3621,0.3344,0.0736,0.0385,0.0401
2023,NYG,1,0.6205,0.6672,0.3144,0.714,0.4755,0.8936,0.9022,0.4791,0.5068,0.5133,0.0415,0.0644,0.0947
2023,NYJ,4,-0.4185,-0.7315,0.4606,0.6039,0.4355,0.9028,0.8425,0.4756,0.2209,0.3781,0.0215,0.0358,0.0305
2023,PHI,2,3.3811,0.1415,0.0525,0.7241,0.4463,0.9525,0.945,0.4082,0.3125,0.2474,0.1612,0.0915,0.1574
2023,PIT,1,-0.3322,0.0457,0.3457,0.7099,0.4938,0.9023,0.7925,0.4521,0.4545,0.5247,0.0292,0.0725,0.0355
2023,SEA,3,0.5065,-0.9725,0.3282,0.5681,0.4068,0.878,0.8446,0.3887,0.2719,0.469,0.0154,0.0387,0.1115
2023,SF,4,-2.046,-1.112,0.3826,0.7963,0.4488,0.9554,0.8057,0.5075,0.3333,0.7201,0.0575,0.0187,0.0078
2023,TB,3,1.0494,-1.0381,0.2782,0.6722,0.423,0.8626,0.8803,0.3764,0.3274,0.4677,0.0194,0.0511,0.0406
2023,TEN,5,-0.369,1.2057,0.42,0.5008,0.4779,0.8071,0.816,0.4526,0.2273,0.3788,0.3249,0.038,0.0301
2023,WAS,3,2.1737,-1.3903,0.192,0.6746,0.3807,0.6789,0.8255,0.4444,0.2099,0.4095,0.0164,0.0658,0.0091
2024,ARI,1,-0.6409,0.3836,0.3028,0.443,0.4449,0.8793,0.8062,0.5094,0.3434,0.3832,0.0336,0.0093,0.0561
2024,ATL,4,-2.0414,-0.3636,0.1986,0.8729,0.4671,0.8943,0.6749,0.7683,0.2029,0.6871,0.0086,0.02,0.1286
2024,BAL,5,-0.6812,1.3281,0.2718,0.4752,0.5222,0.9501,0.8629,0.536,0.2268,0.5026,0.0853,0.0308,0.0342
2024,BUF,1,0.1063,-0.3946,0.3587,0.71,0.4843,0.8418,0.7881,0.392,0.2874,0.5531,0.0673,0.0673,0.0732
2024,CAR,4,-0.7293,-1.1141,0.4015,0.7361,0.4721,0.9115,0.7516,0.393,0.3878,0.4275,0.0019,0.0483,0.0204
2024,CHI,1,0.4729,0.8019,0.3446,0.6855,0.4576,0.8313,0.8227,0.5251,0.4074,0.5217,0.049,0.0565,0.2411
2024,CIN,3,0.7198,-2.4609,0.1477,0.5892,0.3308,0.9168,0.8077,0.401,0.2947,0.5031,0.0062,0.0492,0.0246
2024,CLE,1,0.7903,-0.4383,0.3074,0.6731,0.4152,0.8217,0.8827,0.4977,0.3039,0.47,0.0389,0.0459,0.0583
2024,DAL,4,-0.2785,-0.6587,0.3203,0.6111,0.4316,0.8753,0.83,0.4031,0.4157,0.5278,0.0228,0.0294,0.0376
2024,DEN,4,-0.4638,-0.899,0.3626,0.683,0.4471,0.9434,0.7458,0.4403,0.3585,0.3929,0.0202,0.0523,0.1046
2024,DET,5,-2.1523,1.0305,0.553,0.5389,0.4683,0.9711,0.8976,0.616,0.1712,0.6272,0.1989,0.0283,0.0406
2024,GB,1,0.5986,0.8513,0.2678,0.6423,0.5375,0.9325,0.9198,0.4562,0.2687,0.6723,0.0112,0.0861,0.0468
2024,HOU,5,-1.6175,0.817,0.4218,0.6224,0.4277,0.8462,0.7991,0.5581,0.453,0.5782,0.2891,0.0295,0.0369
2024,IND,1,0.8464,0.3165,0.124,0.6948,0.5127,0.8598,0.7847,0.447,0.2818,0.4595,0.0683,0.0525,0.1065
2024,JAX,1,0.5481,-0.3063,0.3316,0.619,0.478,0.8225,0.7858,0.388,0.2442,0.3845,0.0229,0.0441,0.1076
2024,KC,3,0.7636,-1.2667,0.227,0.4994,0.4184,0.9061,0.8542,0.3221,0.2538,0.6086,0.0037,0.0712,0.0012
2024,LA,4,-1.6329,-1.1839,0.5189,0.8196,0.4476,0.9012,0.8889,0.4244,0.3197,0.7874,0.0196,0.0098,0.0531
2024,LAC,4,-0.613,-1.5365,0.3184,0.7712,0.4322,0.8723,0.81,0.488,0.1719,0.5456,0.0191,0.016,0.0256
2024,LV,4,-0.7581,-0.7767,0.3284,0.4745,0.4393,0.9111,0.7941,0.32,0.3762,0.6207,0.023,0.0361,0.0361
2024,MIA,4,-2.1006,0.0996,0.2611,0.5862,0.4713,0.8917,0.738,0.583,0.3137,0.7898,0.0181,0.0263,0.0361
2024,MIN,4,-1.9486,-1.5938,0.4754,0.6637,0.3937,0.9611,0.7242,0.4774,0.3333,0.5405,0.0351,0.0282,0.1056
2024,NE,4,-1.0357,-0.0249,0.3702,0.5488,0.4788,0.9555,0.7825,0.435,0.4079,0.4972,0.0184,0.0479,0.0405
2024,NO,5,-2.5535,2.0,0.4945,0.428,0.4852,0.9425,0.8181,0.664,0.5195,0.5277,0.0517,0.0221,0.0443
2024,NYG,1,0.2894,-0.1684,0.346,0.6988,0.4742,0.9149,0.8744,0.4264,0.2959,0.5043,0.0687,0.0534,0.0809
2024,NYJ,4,-0.7124,-0.922,0.2888,0.6661,0.4022,0.9416,0.793,0.5976,0.2946,0.5109,0.0016,0.0435,0.059
2024,PHI,0,1.1231,2.928,0.1293,0.6677,0.5323,0.8435,0.83,0.4469,0.4286,0.4887,0.4331,0.0496,0.2947
2024,PIT,5,-0.4733,1.5416,0.447,0.4885,0.4847,0.8406,0.8123,0.5138,0.3839,0.4562,0.0399,0.0307,0.2212
2024,SEA,3,0.8916,-1.7158,0.2547,0.7453,0.4079,0.9059,0.8162,0.3739,0.2118,0.5009,0.0258,0.0465,0.1756
2024,SF,4,-1.8283,-0.4281,0.4231,0.7154,0.4687,0.9049,0.8494,0.4751,0.3026,0.7419,0.0797,0.0114,0.0114
2024,TB,4,-1.4784,-0.4121,0.3875,0.6656,0.4727,0.9044,0.805,0.5351,0.2326,0.5812,0.014,0.0203,0.0156
2024,TEN,1,0.3258,0.2742,0.311,0.6311,0.4964,0.8068,0.8794,0.4664,0.2151,0.5208,0.0271,0.0344,0.0127
2024,WAS,0,3.5955,2.8197,0.0618,0.5676,0.4485,0.8184,0.8859,0.5504,0.3551,0.4794,0.0779,0.0662,0.6853
2025,ARI,4,-1.444,-0.3557,0.3779,0.4574,0.3798,0.9271,0.8157,0.5795,0.3636,0.5136,0.0213,0.0174,0.0388
2025,ATL,5,-1.7398,0.4238,0.2126,0.4205,0.4497,0.9328,0.7098,0.638,0.2283,0.7307,0.0047,0.0488,0.0976
2025,BAL,5,-1.3853,2.2492,0.3618,0.4891,0.5291,0.9296,0.8167,0.5314,0.2609,0.5691,0.3836,0.0582,0.0218
2025,BUF,4,-0.9908,-0.1254,0.4782,0.6902,0.485,0.9507,0.8377,0.4479,0.3661,0.6662,0.0465,0.0782,0.0406
2025,CAR,1,0.2959,0.1208,0.3744,0.6177,0.4779,0.8871,0.8093,0.3913,0.54,0.534,0.0079,0.1074,0.0158
2025,CHI,5,-1.0708,1.1709,0.5272,0.5109,0.481,0.8325,0.879,0.5047,0.4258,0.6223,0.0408,0.0462,0.0272
2025,CIN,3,1.3925,-2.3476,0.2059,0.628,0.3685,0.9345,0.8433,0.335,0.2464,0.5848,0.0121,0.1038,0.0052
2025,CLE,5,-1.0136,1.2843,0.4046,0.4921,0.4886,0.956,0.8738,0.4125,0.375,0.5692,0.2837,0.0438,0.042
2025,DAL,4,-0.649,-0.8943,0.4123,0.6809,0.4299,0.9284,0.8577,0.4324,0.376,0.6461,0.0094,0.0506,0.049
2025,DEN,1,-0.0448,0.0622,0.3491,0.6851,0.4046,0.934,0.7944,0.5395,0.4545,0.5441,0.1818,0.1001,0.1278
2025,DET,4,-2.1431,0.2209,0.5407,0.5576,0.4525,0.8903,0.7935,0.5462,0.2059,0.6458,0.1559,0.0356,0.0458
2025,GB,1,0.7904,1.0391,0.3911,0.5941,0.4859,0.8932,0.934,0.5017,0.3636,0.5941,0.0237,0.1022,0.0667
2025,HOU,4,-0.7218,-1.2962,0.3966,0.7475,0.4353,0.8455,0.8129,0.3688,0.4234,0.6034,0.0171,0.0243,0.0228
2025,IND,2,2.4926,-0.1754,0.2816,0.6128,0.4418,0.7144,0.9116,0.3608,0.2705,0.568,0.0287,0.104,0.0368
2025,JAX,4,-0.9828,-1.1166,0.3837,0.6844,0.4319,0.9648,0.8315,0.4519,0.2796,0.6362,0.0349,0.0415,0.0581
2025,KC,2,2.5389,-0.072,0.2179,0.5552,0.4281,0.8087,0.8705,0.4303,0.369,0.5098,0.003,0.1498,0.0061
2025,LA,4,-2.9104,-1.6788,0.6029,0.6136,0.3904,0.9282,0.7538,0.4542,0.3354,0.6604,0.0053,0.0027,0.0588
2025,LAC,4,-0.6311,-1.2719,0.3267,0.7479,0.4279,0.9498,0.8701,0.442,0.3689,0.5821,0.0166,0.0249,0.01
2025,LV,4,-0.9249,-1.06,0.4132,0.5132,0.434,0.8841,0.7689,0.344,0.2913,0.5849,0.0189,0.0377,0.0528
2025,MIA,5,-0.4727,1.0629,0.305,0.5872,0.4679,0.8314,0.8707,0.6313,0.3647,0.7431,0.0115,0.0665,0.0206
2025,MIN,4,-1.1019,0.1104,0.5009,0.6141,0.4657,0.9123,0.8277,0.5219,0.3267,0.5659,0.0204,0.0594,0.0538
2025,NE,4,-1.5999,-1.1797,0.4369,0.6352,0.4385,0.9625,0.8096,0.4307,0.3119,0.5368,0.0235,0.0166,0.0097
2025,NO,1,0.8433,0.4433,0.2596,0.7055,0.4642,0.9246,0.8691,0.3867,0.5,0.6572,0.0932,0.0782,0.2146
2025,NYG,0,2.3736,2.4462,0.2712,0.5092,0.5,0.8673,0.8885,0.4928,0.3838,0.3877,0.1711,0.1331,0.2213
2025,NYJ,0,0.2837,2.9827,0.3363,0.6772,0.5688,0.8656,0.9044,0.44,0.4906,0.6998,0.4086,0.1129,0.0406
2025,PHI,1,1.2286,1.1337,0.232,0.6313,0.4762,0.8961,0.8835,0.4804,0.4444,0.5038,0.0538,0.0707,0.2043
2025,PIT,1,0.2738,0.5391,0.3521,0.4817,0.4192,0.7646,0.8091,0.5338,0.4111,0.5991,0.0,0.0808,0.0732
2025,SEA,5,-2.2197,0.8475,0.5573,0.4684,0.4761,0.9407,0.8207,0.5,0.4945,0.5863,0.0034,0.0291,0.0598
2025,SF,4,-1.9329,-0.261,0.4845,0.823,0.4488,0.9038,0.8688,0.4532,0.2925,0.7314,0.337,0.0093,0.0311
2025,TB,4,-0.5155,-0.1388,0.3881,0.6575,0.4871,0.9406,0.8109,0.4296,0.4,0.6545,0.003,0.0883,0.0518
2025,TEN,1,0.4623,0.1338,0.3627,0.633,0.4592,0.953,0.8515,0.495,0.4416,0.5322,0.0107,0.1223,0.03
2025,WAS,0,1.9702,2.6396,0.1477,0.5606,0.517,0.9334,0.8461,0.4831,0.3146,0.6212,0.0473,0.0682,0.6269
