season,team,cluster_k5,label_k5,silhouette_k5,runner_up_k5,margin_k5,cluster_k6,label_k6,silhouette_k6,runner_up_k6,margin_k6,theme_under_center_vs_gun,theme_dropback_play_action,theme_wide_zone_package,theme_te_heavy,theme_qb_run_game,theme_tempo,theme_pass_first,proe_early,under_center,pistol,pers_11,multi_te,two_back,empty_backfield,extra_ol,motion,no_huddle,outside_run,qb_design_run,rpo,play_action,screen,qb_out_of_pocket,time_to_throw,rb_target_share,te_target_share,n_plays,n_dropbacks
2022,ARI,2,Shotgun QB-run / RPO,0.254,"Shotgun spread, pass-first",0.369,3,Shotgun QB-run / tempo,0.343,Pass-first spread,0.508,-1.594,-1.458,-0.931,-0.193,0.508,3.611,1.342,0.0136,0.1124,0.0765,0.5971,0.3333,0.0372,0.1183,0.0097,0.3436,0.3436,0.3961,0.0583,0.0827,0.1957,0.1233,0.1233,2.435,0.1468,0.1743,618,373
2022,ATL,4,Heavy power run + QB run,0.265,Under-center play-action,0.468,5,Heavy power run + QB run,0.225,Under-center play-action,0.399,-0.428,2.32,3.118,1.362,1.456,0.852,-1.499,-0.1297,0.2542,0.2912,0.3098,0.4428,0.3502,0.0606,0.0034,0.5219,0.1414,0.7889,0.0421,0.0539,0.4203,0.1014,0.2572,2.836,0.1653,0.3008,594,276
2022,BAL,4,Heavy power run + QB run,0.183,"Shanahan wide-zone, two-back motion",0.374,5,Heavy power run + QB run,0.082,Pass-first spread,0.259,-0.99,-0.064,2.256,2.738,1.816,-0.56,1.226,-0.0033,0.1143,0.2683,0.1218,0.5744,0.6408,0.1203,0.0047,0.519,0.038,0.5022,0.0759,0.0506,0.2691,0.0652,0.2096,2.602,0.1354,0.3958,632,353
2022,BUF,0,"Shotgun spread, pass-first",0.147,"Shanahan wide-zone, two-back motion",0.231,1,"Shotgun spread, balanced",0.224,"Shanahan wide-zone, two-back motion",0.298,-0.151,-0.101,0.335,-1.715,0.613,0.113,1.028,0.0691,0.2771,0.0016,0.6899,0.0775,0.2278,0.0841,0.0728,0.4016,0.0873,0.4837,0.0444,0.0444,0.2311,0.056,0.1679,2.6695,0.2385,0.1236,632,411
2022,CAR,1,Under-center play-action,0.227,"Shotgun spread, pass-first",0.35,0,Under-center play-action,0.11,"Shotgun spread, balanced",0.202,0.848,0.698,-1.256,-0.154,0.225,-0.384,-1.305,-0.075,0.5047,0.0113,0.6623,0.3021,0.03,0.0471,0.075,0.3748,0.0508,0.4073,0.0169,0.0452,0.3383,0.1636,0.197,2.635,0.1281,0.1942,533,269
2022,CHI,4,Heavy power run + QB run,0.109,Under-center play-action,0.319,5,Heavy power run + QB run,0.141,"Shotgun spread, balanced",0.408,0.369,0.641,0.241,0.064,2.904,-0.582,-0.953,-0.1133,0.3669,0.0017,0.5493,0.2566,0.222,0.076,0.0049,0.4314,0.0364,0.5685,0.0893,0.038,0.2814,0.1458,0.2847,2.736,0.1674,0.2419,608,295
2022,CIN,0,"Shotgun spread, pass-first",0.266,"Shanahan wide-zone, two-back motion",0.325,2,Pass-first spread,0.204,"Shotgun spread, balanced",0.269,-1.213,-2.188,-1.019,-1.369,-0.91,-0.797,2.466,0.1105,0.1501,0.0019,0.8941,0.0892,0.0019,0.1255,0.0223,0.2341,0.0206,0.4026,0.0075,0.0712,0.1402,0.062,0.1078,2.382,0.2415,0.1579,538,371
2022,CLE,1,Under-center play-action,0.298,"Shotgun spread, pass-first",0.492,0,Under-center play-action,0.288,Heavy power run + QB run,0.482,0.9,0.444,0.169,1.069,0.276,0.172,0.359,-0.0585,0.4572,0.014,0.5426,0.3597,0.1147,0.1071,0.1194,0.4193,0.0916,0.6286,0.0171,0.0311,0.2427,0.0702,0.2018,2.769,0.1538,0.3077,645,342
2022,DAL,1,Under-center play-action,0.276,"Shotgun spread, pass-first",0.463,0,Under-center play-action,0.153,"Shotgun spread, balanced",0.304,0.855,0.488,-0.34,0.272,-0.319,0.854,-0.97,-0.0745,0.4621,0.0212,0.616,0.3419,0.0497,0.0602,0.0301,0.4157,0.1416,0.5216,0.0105,0.0346,0.2977,0.0809,0.159,2.669,0.1591,0.224,664,346
2022,DEN,1,Under-center play-action,0.135,"Shotgun spread, pass-first",0.259,0,Under-center play-action,0.072,"Shotgun spread, balanced",0.182,0.109,0.12,-0.262,0.577,-0.103,-0.413,-0.82,-0.0365,0.3986,0.0136,0.4986,0.4662,0.0351,0.0514,0.0027,0.3437,0.0487,0.4582,0.0135,0.0595,0.2227,0.0972,0.173,2.736,0.2465,0.1983,740,422
2022,DET,1,Under-center play-action,0.232,"Shotgun spread, pass-first",0.369,0,Under-center play-action,0.168,"Shotgun spread, balanced",0.314,1.157,0.452,0.37,-0.686,-0.788,-0.603,-0.234,-0.0232,0.5018,0.0105,0.6,0.2522,0.1061,0.0697,0.0974,0.4861,0.0348,0.5512,0.0035,0.0279,0.3101,0.1234,0.1297,2.636,0.198,0.157,575,316
2022,GB,0,"Shotgun spread, pass-first",0.116,"Shanahan wide-zone, two-back motion",0.293,1,"Shotgun spread, balanced",0.08,"Shanahan wide-zone, two-back motion",0.11,-0.633,-0.428,0.718,-0.345,-0.816,-0.868,-0.004,-0.027,0.3259,0.0051,0.5205,0.3515,0.1195,0.0803,0.0017,0.4376,0.0154,0.5976,0.0017,0.0821,0.3075,0.1015,0.1313,2.4435,0.2416,0.1477,586,335
2022,HOU,1,Under-center play-action,0.263,"Shotgun spread, pass-first",0.491,0,Under-center play-action,0.239,"Shotgun spread, balanced",0.466,1.012,-0.045,-0.424,0.829,-0.084,-0.307,-0.452,-0.0408,0.4538,0.0162,0.462,0.3829,0.1939,0.0679,0.0339,0.3554,0.0565,0.4569,0.0258,0.0242,0.3042,0.1205,0.1446,2.536,0.1711,0.2685,619,332
2022,IND,0,"Shotgun spread, pass-first",0.197,Under-center play-action,0.336,1,"Shotgun spread, balanced",0.272,Pass-first spread,0.434,-0.376,-0.813,-0.785,-0.804,-0.904,0.674,-0.961,-0.0548,0.2889,0.0,0.7464,0.2026,0.0606,0.053,0.0319,0.2937,0.1284,0.4122,0.0096,0.0594,0.2178,0.0688,0.1032,2.536,0.2248,0.1678,627,349
2022,JAX,0,"Shotgun spread, pass-first",0.27,Under-center play-action,0.613,2,Pass-first spread,0.051,"Shotgun spread, balanced",0.16,-0.483,-0.983,-0.587,0.384,-0.093,-0.255,-0.12,-0.0046,0.2756,0.0084,0.6283,0.335,0.0267,0.067,0.01,0.4623,0.0603,0.5236,0.0235,0.062,0.2405,0.1232,0.1496,2.4525,0.1186,0.2404,600,341
2022,KC,0,"Shotgun spread, pass-first",0.213,Shotgun QB-run / RPO,0.264,2,Pass-first spread,0.313,"Shotgun spread, balanced",0.435,-2.228,-0.568,-0.224,1.464,0.145,-1.036,1.048,0.1205,0.1928,0.0093,0.5455,0.416,0.0431,0.0649,0.0139,0.4977,0.0031,0.5025,0.0046,0.136,0.1878,0.1131,0.2195,2.651,0.1579,0.3258,649,442
2022,LA,1,Under-center play-action,0.214,"Shotgun spread, pass-first",0.302,0,Under-center play-action,0.13,"Shotgun spread, balanced",0.213,0.694,1.715,-0.646,-1.031,0.696,-0.216,0.324,-0.0188,0.5451,0.0,0.9242,0.056,0.0,0.0903,0.0036,0.4838,0.0632,0.5339,0.0253,0.0632,0.3522,0.1226,0.2233,2.836,0.1086,0.2135,554,318
2022,LAC,1,Under-center play-action,0.164,"Shotgun spread, pass-first",0.312,0,Under-center play-action,0.108,"Shotgun spread, balanced",0.271,0.091,0.943,0.324,-0.404,-0.339,-0.201,0.206,0.0688,0.3845,0.0129,0.6371,0.2843,0.1057,0.0514,0.0157,0.3829,0.0643,0.5299,0.0029,0.0571,0.3319,0.1011,0.1758,2.703,0.2488,0.1739,700,455
2022,LV,1,Under-center play-action,0.243,"Shotgun spread, pass-first",0.317,0,Under-center play-action,0.14,"Shotgun spread, balanced",0.191,1.539,0.702,-0.117,-1.153,-0.807,-0.717,-1.074,-0.0425,0.5296,0.0016,0.6009,0.1087,0.3245,0.0436,0.0823,0.3941,0.0265,0.3764,0.0031,0.014,0.2712,0.0849,0.1288,2.77,0.2105,0.1734,644,365
2022,MIA,3,"Shanahan wide-zone, two-back motion",0.258,"Shotgun spread, pass-first",0.457,4,"Shanahan wide-zone, two-back motion",0.226,"Shotgun spread, balanced",0.462,-0.169,0.213,1.571,-1.53,-0.671,-0.762,1.061,-0.009,0.3641,0.0285,0.3934,0.1207,0.4678,0.1159,0.0,0.6887,0.0232,0.5084,0.005,0.0662,0.3499,0.0579,0.1377,2.503,0.1734,0.1238,605,363
2022,MIN,1,Under-center play-action,0.284,"Shotgun spread, pass-first",0.385,0,Under-center play-action,0.264,"Shotgun spread, balanced",0.377,1.176,1.652,-0.588,-0.094,-0.783,1.012,0.833,0.0133,0.5261,0.0017,0.6902,0.1893,0.1635,0.0981,0.0052,0.401,0.1532,0.5311,0.0034,0.0327,0.3451,0.0897,0.1304,2.836,0.1062,0.2566,581,368
2022,NE,0,"Shotgun spread, pass-first",0.202,Under-center play-action,0.445,1,"Shotgun spread, balanced",0.169,Pass-first spread,0.293,0.25,-0.912,-0.595,-0.541,-1.075,-0.608,-0.309,-0.008,0.353,0.0049,0.7643,0.2095,0.0245,0.0608,0.0426,0.4138,0.0345,0.3566,0.0049,0.0411,0.2067,0.1257,0.0978,2.536,0.2338,0.1948,611,358
2022,NO,1,Under-center play-action,0.047,"Shotgun spread, pass-first",0.049,0,Under-center play-action,0.05,"Shotgun spread, balanced",0.09,0.793,-0.984,-0.442,1.159,-0.714,-0.955,-1.275,-0.1133,0.4242,0.0144,0.4227,0.4856,0.1205,0.0632,0.0881,0.343,0.009,0.4549,0.0054,0.0289,0.1985,0.0551,0.1324,2.536,0.1983,0.2562,556,272
2022,NYG,2,Shotgun QB-run / RPO,0.04,Under-center play-action,0.227,1,"Shotgun spread, balanced",0.09,Heavy power run + QB run,0.074,-0.025,0.845,-0.28,-0.551,1.5,1.026,-0.892,-0.0327,0.4046,0.0114,0.6191,0.2966,0.0681,0.0471,0.0616,0.349,0.1542,0.4871,0.0373,0.0682,0.2873,0.0676,0.2732,2.77,0.2175,0.1509,617,355
2022,NYJ,0,"Shotgun spread, pass-first",0.142,Under-center play-action,0.406,2,Pass-first spread,0.011,"Shotgun spread, balanced",0.116,0.103,-0.465,0.3,0.056,-0.497,-0.659,0.773,-0.0313,0.3644,0.0,0.5654,0.3877,0.0646,0.1131,0.0048,0.5687,0.0307,0.5224,0.0048,0.0517,0.2207,0.0899,0.1553,2.6085,0.1858,0.1765,619,367
2022,PHI,2,Shotgun QB-run / RPO,0.271,"Shotgun spread, pass-first",0.428,3,Shotgun QB-run / tempo,0.325,Pass-first spread,0.52,-2.637,-0.998,-1.496,-0.545,1.507,2.119,1.229,0.0485,0.1003,0.0374,0.7555,0.2343,0.0068,0.1002,0.0034,0.2139,0.2343,0.5028,0.0628,0.1358,0.2,0.1211,0.2113,2.53,0.106,0.1821,589,355
2022,PIT,0,"Shotgun spread, pass-first",0.138,Under-center play-action,0.316,1,"Shotgun spread, balanced",0.282,Under-center play-action,0.568,-0.11,-0.705,-0.272,-0.182,0.355,0.271,-0.806,-0.0675,0.345,0.0182,0.6889,0.2694,0.0708,0.0641,0.0181,0.3983,0.0989,0.479,0.0097,0.0585,0.1714,0.0716,0.2276,2.653,0.1953,0.207,720,391
2022,SEA,1,Under-center play-action,0.083,"Shotgun spread, pass-first",0.089,0,Under-center play-action,0.02,Pass-first spread,0.032,0.128,0.359,-0.914,1.296,0.237,1.107,1.372,0.0519,0.3383,0.0821,0.46,0.491,0.0571,0.1046,0.0131,0.3007,0.1601,0.4571,0.0196,0.0441,0.2746,0.0622,0.1917,2.686,0.1257,0.2695,613,386
2022,SF,3,"Shanahan wide-zone, two-back motion",0.273,"Shotgun spread, pass-first",0.576,4,"Shanahan wide-zone, two-back motion",0.262,"Shotgun spread, balanced",0.625,0.181,-0.113,1.649,-0.218,-0.712,-0.904,0.247,-0.0522,0.3638,0.0567,0.3843,0.2441,0.4117,0.1002,0.0,0.561,0.0128,0.5064,0.0146,0.0474,0.23,0.1267,0.11,2.669,0.2409,0.2153,549,300
2022,TB,0,"Shotgun spread, pass-first",0.175,Under-center play-action,0.275,1,"Shotgun spread, balanced",0.121,Pass-first spread,0.156,0.672,-1.72,-0.308,-0.769,-1.877,-0.033,-0.32,0.0145,0.3742,0.011,0.6661,0.2715,0.0265,0.0516,0.0296,0.4719,0.0766,0.4398,0.0031,0.0234,0.1823,0.1418,0.0228,2.403,0.1963,0.1379,641,395
2022,TEN,1,Under-center play-action,0.369,"Shotgun spread, pass-first",0.555,0,Under-center play-action,0.334,Heavy power run + QB run,0.481,1.272,0.728,-0.203,1.213,-0.184,-0.585,-0.952,-0.108,0.4759,0.0259,0.4905,0.4509,0.0706,0.074,0.0224,0.3821,0.0361,0.5191,0.0275,0.0155,0.3077,0.107,0.1304,2.703,0.185,0.2795,581,299
2022,WAS,0,"Shotgun spread, pass-first",0.118,Under-center play-action,0.253,1,"Shotgun spread, balanced",0.173,Under-center play-action,0.289,-1.111,0.223,0.639,-0.198,-0.559,-0.365,-0.568,-0.1231,0.3313,0.0354,0.6411,0.3374,0.0077,0.0952,0.0,0.5315,0.0522,0.5828,0.0092,0.1091,0.2673,0.0975,0.1384,2.67,0.209,0.1716,652,318
2023,ARI,1,Under-center play-action,0.128,Heavy power run + QB run,0.056,5,Heavy power run + QB run,-0.108,Under-center play-action,0.146,0.207,0.595,-0.886,2.031,1.011,-0.157,-1.016,-0.0725,0.341,0.0071,0.5611,0.4106,0.0,0.069,0.0035,0.4053,0.0566,0.5153,0.0566,0.0549,0.3051,0.122,0.1627,2.4,0.1197,0.3552,565,295
2023,ATL,4,Heavy power run + QB run,0.174,"Shanahan wide-zone, two-back motion",0.369,5,Heavy power run + QB run,0.13,"Shanahan wide-zone, two-back motion",0.29,0.19,1.473,3.297,2.703,0.276,0.128,-0.867,-0.0816,0.246,0.2808,0.1691,0.5708,0.3887,0.0795,0.0043,0.591,0.0694,0.7941,0.0231,0.0289,0.3205,0.1014,0.1863,2.55,0.2476,0.3388,692,365
2023,BAL,2,Shotgun QB-run / RPO,0.091,"Shotgun spread, pass-first",0.262,1,"Shotgun spread, balanced",0.146,Heavy power run + QB run,0.104,-0.627,-0.181,0.592,-0.812,2.081,0.297,-0.075,0.0364,0.1355,0.06,0.4701,0.1641,0.3983,0.0496,0.0103,0.4923,0.0769,0.4712,0.065,0.0496,0.2316,0.0989,0.2345,2.44,0.1828,0.1862,585,354
2023,BUF,2,Shotgun QB-run / RPO,0.123,"Shotgun spread, pass-first",0.385,3,Shotgun QB-run / tempo,0.115,Pass-first spread,0.315,-0.837,-0.003,-1.062,0.303,1.083,1.044,0.866,0.0132,0.2531,0.0015,0.6631,0.2374,0.075,0.098,0.0858,0.4533,0.1103,0.3593,0.0306,0.0965,0.2245,0.074,0.2372,2.5,0.1298,0.2655,653,392
2023,CAR,0,"Shotgun spread, pass-first",0.238,Under-center play-action,0.392,1,"Shotgun spread, balanced",0.347,Pass-first spread,0.577,-0.459,-0.873,-0.61,-1.072,-0.13,-0.132,-1.169,-0.075,0.2252,0.0977,0.8366,0.137,0.0066,0.0644,0.0083,0.401,0.0578,0.4453,0.0017,0.0644,0.1923,0.0888,0.2071,2.4,0.1227,0.1733,606,338
2023,CHI,4,Heavy power run + QB run,0.216,Under-center play-action,0.451,5,Heavy power run + QB run,0.217,Under-center play-action,0.455,-0.358,2.357,0.722,0.522,2.719,-0.331,-1.305,-0.0478,0.2528,0.0943,0.5226,0.3477,0.1466,0.0451,0.0019,0.5338,0.0489,0.5838,0.0658,0.0658,0.3017,0.122,0.2881,2.8,0.1814,0.2278,532,295
2023,CIN,0,"Shotgun spread, pass-first",0.31,Shotgun QB-run / RPO,0.36,2,Pass-first spread,0.307,"Shotgun spread, balanced",0.415,-1.931,-1.524,-1.053,-0.47,-0.884,-0.943,2.146,0.1069,0.135,0.0083,0.7231,0.2255,0.0066,0.0995,0.0282,0.4245,0.0216,0.369,0.0017,0.1327,0.2117,0.1411,0.1411,2.2,0.1556,0.1889,603,411
2023,CLE,1,Under-center play-action,0.106,"Shotgun spread, pass-first",0.164,0,Under-center play-action,0.122,Pass-first spread,0.259,0.668,-0.052,-0.429,0.707,0.183,-0.286,0.869,-0.0093,0.3466,0.0192,0.7043,0.2496,0.0016,0.1097,0.1161,0.4499,0.0509,0.5224,0.0175,0.027,0.2554,0.0924,0.1929,2.4,0.1651,0.3022,629,368
2023,DAL,0,"Shotgun spread, pass-first",0.002,Under-center play-action,0.064,0,Under-center play-action,0.03,"Shotgun spread, balanced",0.093,0.351,0.377,-0.169,-0.488,0.299,-1.007,1.244,0.0324,0.3645,0.0056,0.6262,0.2243,0.1159,0.1028,0.0075,0.4766,0.0187,0.5269,0.0112,0.0523,0.2849,0.089,0.2196,2.41,0.1706,0.1877,535,337
2023,DEN,1,Under-center play-action,0.088,"Shotgun spread, pass-first",0.144,1,"Shotgun spread, balanced",0.072,Under-center play-action,0.192,0.676,-0.006,0.726,-0.691,0.051,0.403,-0.342,-0.0382,0.4469,0.002,0.5204,0.3184,0.1592,0.0776,0.0592,0.3714,0.0816,0.5756,0.0082,0.0551,0.2243,0.1507,0.2059,2.5,0.3364,0.1136,490,272
2023,DET,1,Under-center play-action,0.232,"Shotgun spread, pass-first",0.348,0,Under-center play-action,0.23,"Shotgun spread, balanced",0.375,1.205,0.063,-0.171,0.53,-1.443,-0.768,-0.698,-0.0463,0.4622,0.0074,0.5835,0.345,0.0642,0.0679,0.0495,0.5174,0.0294,0.5868,0.0037,0.0257,0.2642,0.0736,0.087,2.4,0.1367,0.2302,545,299
2023,GB,1,Under-center play-action,0.262,"Shotgun spread, pass-first",0.517,0,Under-center play-action,0.263,"Shotgun spread, balanced",0.541,0.135,0.876,0.094,0.609,-0.709,-0.332,-0.154,-0.0205,0.3215,0.0423,0.5556,0.4125,0.0303,0.0758,0.0152,0.6279,0.0488,0.4839,0.0051,0.0539,0.292,0.1091,0.1475,2.5,0.1688,0.2013,594,339
2023,HOU,1,Under-center play-action,0.314,"Shotgun spread, pass-first",0.506,0,Under-center play-action,0.176,"Shotgun spread, balanced",0.333,1.137,0.86,0.068,-0.549,0.284,-0.183,-0.767,-0.0469,0.4336,0.0218,0.5261,0.1815,0.3328,0.0655,0.0118,0.521,0.0555,0.494,0.005,0.0218,0.2908,0.0801,0.2344,2.5,0.1229,0.2048,595,337
2023,IND,2,Shotgun QB-run / RPO,0.233,"Shotgun spread, pass-first",0.393,3,Shotgun QB-run / tempo,0.257,"Shotgun spread, balanced",0.439,-3.009,-0.451,-0.569,-0.274,0.066,2.575,-0.553,-0.012,0.0981,0.0654,0.7624,0.2236,0.0078,0.0559,0.0093,0.4814,0.1786,0.3837,0.0202,0.191,0.2595,0.1135,0.1757,2.3,0.156,0.211,644,370
2023,JAX,0,"Shotgun spread, pass-first",0.253,Under-center play-action,0.47,2,Pass-first spread,0.177,"Shotgun spread, balanced",0.363,-0.748,-1.1,-0.739,0.806,-0.431,-0.539,-0.282,0.0168,0.2003,0.0501,0.6317,0.3614,0.0138,0.0516,0.0344,0.4492,0.0396,0.4155,0.0103,0.0757,0.2443,0.1351,0.158,2.2,0.1353,0.2508,581,348
2023,KC,0,"Shotgun spread, pass-first",0.162,Under-center play-action,0.321,2,Pass-first spread,0.229,"Shotgun spread, balanced",0.407,-0.802,-0.404,-0.02,0.992,0.081,-1.139,0.458,0.0672,0.175,0.0209,0.6272,0.3584,0.0,0.0544,0.0048,0.6144,0.0128,0.5243,0.0064,0.072,0.1937,0.1404,0.2131,2.5,0.1629,0.2725,625,413
2023,LA,0,"Shotgun spread, pass-first",0.1,"Shanahan wide-zone, two-back motion",0.153,1,"Shotgun spread, balanced",0.165,"Shanahan wide-zone, two-back motion",0.218,0.922,-0.854,0.129,-1.768,-1.049,0.759,0.25,0.003,0.3957,0.0679,0.9587,0.0413,0.0,0.0793,0.0,0.7058,0.0975,0.4694,0.005,0.0248,0.1938,0.1011,0.118,2.4,0.1356,0.1514,605,356
2023,LAC,2,Shotgun QB-run / RPO,0.135,"Shotgun spread, pass-first",0.41,3,Shotgun QB-run / tempo,0.073,"Shotgun spread, balanced",0.315,-0.72,0.218,-0.057,0.265,0.154,1.935,0.113,0.0331,0.2014,0.0686,0.6643,0.3186,0.0014,0.0586,0.0214,0.58,0.15,0.4815,0.0171,0.0743,0.2415,0.1002,0.1913,2.5,0.1504,0.2164,700,439
2023,LV,1,Under-center play-action,0.115,"Shotgun spread, pass-first",0.142,0,Under-center play-action,0.038,"Shotgun spread, balanced",0.066,1.551,-0.155,-0.155,-1.107,-1.49,-0.537,-0.707,-0.0288,0.5095,0.0019,0.6125,0.2023,0.1928,0.0586,0.0737,0.5633,0.0397,0.4245,0.0038,0.017,0.2475,0.1254,0.0825,2.4,0.1667,0.1333,529,303
2023,MIA,3,"Shanahan wide-zone, two-back motion",0.302,"Shotgun spread, pass-first",0.403,4,"Shanahan wide-zone, two-back motion",0.298,"Shotgun spread, balanced",0.414,-0.416,-0.907,2.888,-2.139,-0.642,-0.897,2.12,0.0152,0.1815,0.1499,0.3661,0.0846,0.5295,0.1457,0.0,0.8091,0.0236,0.6538,0.0079,0.0492,0.2764,0.1398,0.146,2.15,0.2256,0.0875,508,322
2023,MIN,1,Under-center play-action,0.337,Heavy power run + QB run,0.371,0,Under-center play-action,0.297,Heavy power run + QB run,0.322,1.246,2.685,-0.173,1.06,-0.576,1.14,-0.416,0.0047,0.5117,0.0078,0.6053,0.3096,0.0975,0.0526,0.0,0.4892,0.1146,0.5502,0.0077,0.0372,0.3616,0.0948,0.1521,2.7,0.1563,0.3068,646,401
2023,NE,0,"Shotgun spread, pass-first",0.141,Under-center play-action,0.266,2,Pass-first spread,0.099,"Shotgun spread, balanced",0.199,0.049,-1.435,-0.467,1.004,-1.224,0.524,-0.02,-0.0035,0.3668,0.0066,0.4663,0.5008,0.0246,0.0722,0.0,0.5123,0.087,0.3033,0.0016,0.0722,0.1838,0.1616,0.1114,2.3,0.25,0.1948,609,359
2023,NO,0,"Shotgun spread, pass-first",0.051,Under-center play-action,0.132,1,"Shotgun spread, balanced",0.111,Under-center play-action,0.177,0.733,-1.188,-0.58,-0.052,-0.922,-0.527,-1.338,-0.0406,0.4013,0.0151,0.5936,0.2324,0.0635,0.0401,0.0803,0.3344,0.0401,0.4484,0.0033,0.0385,0.1681,0.0812,0.1333,2.4,0.2109,0.23,598,345
2023,NYG,2,Shotgun QB-run / RPO,0.024,"Shotgun spread, pass-first",0.197,1,"Shotgun spread, balanced",0.132,Shotgun QB-run / tempo,0.168,-0.057,-1.214,-0.302,-0.428,1.623,0.688,0.177,-0.0023,0.3144,0.0057,0.7132,0.2528,0.0302,0.0792,0.0642,0.5113,0.0943,0.4772,0.0321,0.0642,0.2355,0.0839,0.2806,2.2,0.187,0.1783,530,310
2023,NYJ,1,Under-center play-action,0.234,"Shotgun spread, pass-first",0.388,0,Under-center play-action,0.145,"Shotgun spread, balanced",0.273,1.038,0.036,-0.037,0.073,-0.327,-0.743,-1.096,-0.0523,0.4606,0.0018,0.5484,0.3495,0.129,0.0556,0.0125,0.3781,0.0305,0.4864,0.009,0.0358,0.2622,0.1098,0.1707,2.4,0.2571,0.1786,558,328
2023,PHI,2,Shotgun QB-run / RPO,0.281,"Shotgun spread, pass-first",0.441,3,Shotgun QB-run / tempo,0.337,"Shotgun spread, balanced",0.535,-1.637,0.67,-1.114,-0.66,1.725,2.211,1.824,0.0438,0.0523,0.0354,0.7351,0.1991,0.0337,0.1194,0.0,0.245,0.1623,0.3873,0.0567,0.0904,0.2762,0.1304,0.2251,2.5,0.1802,0.1832,653,391
2023,PIT,0,"Shotgun spread, pass-first",0.16,Under-center play-action,0.26,1,"Shotgun spread, balanced",0.305,"Shanahan wide-zone, two-back motion",0.46,-0.043,-1.099,0.327,-1.008,0.265,-0.622,-1.454,-0.0896,0.3443,0.0219,0.7098,0.273,0.0312,0.0608,0.0156,0.5211,0.0359,0.4789,0.0047,0.0718,0.1923,0.1361,0.2337,2.35,0.277,0.1047,641,338
2023,SEA,1,Under-center play-action,0.102,"Shotgun spread, pass-first",0.143,0,Under-center play-action,0.127,"Shotgun spread, balanced",0.22,0.406,0.324,-0.666,0.436,-0.573,1.094,0.909,0.0093,0.3282,0.0542,0.567,0.3914,0.0293,0.1017,0.0015,0.4684,0.1125,0.3909,0.0031,0.0385,0.2843,0.1272,0.1646,2.4,0.1437,0.1944,649,401
2023,SF,3,"Shanahan wide-zone, two-back motion",0.197,Under-center play-action,0.368,4,"Shanahan wide-zone, two-back motion",0.19,Under-center play-action,0.387,0.814,0.124,1.592,-0.209,-0.25,-1.242,0.848,0.0064,0.3711,0.0536,0.3374,0.2202,0.5082,0.1008,0.0,0.7181,0.0082,0.5427,0.0062,0.0247,0.2464,0.087,0.1848,2.465,0.1909,0.2199,486,276
2023,TB,0,"Shotgun spread, pass-first",-0.023,Under-center play-action,0.062,0,Under-center play-action,0.044,"Shotgun spread, balanced",0.162,0.122,0.46,-0.584,-0.363,-0.551,-0.434,0.62,-0.022,0.2904,0.066,0.6672,0.3164,0.0115,0.1066,0.0098,0.4557,0.0443,0.3544,0.0098,0.0459,0.2948,0.1047,0.1488,2.4,0.1781,0.15,610,363
2023,TEN,1,Under-center play-action,0.339,"Shotgun spread, pass-first",0.603,0,Under-center play-action,0.291,"Shotgun spread, balanced",0.557,0.823,0.774,0.097,0.307,-0.521,-0.755,-0.804,-0.0603,0.4193,0.0696,0.5032,0.3722,0.1073,0.071,0.0631,0.377,0.03,0.4574,0.0079,0.0379,0.3188,0.1391,0.1565,2.4,0.2423,0.1911,634,345
2023,WAS,0,"Shotgun spread, pass-first",0.278,Under-center play-action,0.562,2,Pass-first spread,0.097,"Shotgun spread, balanced",0.292,-0.626,-0.448,-0.689,-0.255,-0.178,-1.222,0.623,0.1005,0.192,0.0,0.6758,0.2495,0.071,0.0437,0.0036,0.4117,0.0091,0.4365,0.0091,0.0656,0.225,0.1333,0.1833,2.4,0.1755,0.1987,549,360
2024,ARI,1,Under-center play-action,0.163,"Shotgun spread, pass-first",0.194,0,Under-center play-action,0.09,Pass-first spread,0.128,0.844,0.169,-0.657,1.957,0.455,-0.298,1.269,0.0242,0.3051,0.1299,0.443,0.5439,0.0187,0.1065,0.0224,0.3832,0.0561,0.4872,0.028,0.0093,0.3103,0.0878,0.21,2.4,0.1569,0.3285,535,319
2024,ATL,3,"Shanahan wide-zone, two-back motion",0.253,"Shotgun spread, pass-first",0.387,4,"Shanahan wide-zone, two-back motion",0.187,"Shotgun spread, balanced",0.336,-0.014,-1.243,2.388,-1.803,-1.849,0.278,-0.939,-0.0659,0.2038,0.3739,0.8729,0.0943,0.04,0.0671,0.0,0.6871,0.1286,0.7732,0.0057,0.02,0.1825,0.1005,0.0688,2.5,0.1802,0.1337,700,378
2024,BAL,4,Heavy power run + QB run,0.165,Under-center play-action,0.573,5,Heavy power run + QB run,0.202,Under-center play-action,0.681,0.01,0.69,0.468,1.152,2.204,-0.472,-0.724,-0.0593,0.2718,0.0951,0.2808,0.4554,0.3909,0.0721,0.019,0.5009,0.0342,0.5024,0.0835,0.0304,0.3129,0.1007,0.2302,2.505,0.1561,0.2827,527,278
2024,BUF,0,"Shotgun spread, pass-first",0.304,Under-center play-action,0.687,2,Pass-first spread,0.017,"Shotgun spread, balanced",0.129,-0.784,-0.7,-0.324,0.022,0.203,-0.237,0.286,-0.0212,0.3446,0.0524,0.6105,0.2697,0.1142,0.0918,0.1386,0.5225,0.0637,0.43,0.0206,0.0674,0.2353,0.1046,0.2059,2.45,0.1818,0.2509,534,306
2024,CAR,0,"Shotgun spread, pass-first",0.081,Under-center play-action,0.238,1,"Shotgun spread, balanced",0.081,Under-center play-action,0.181,0.111,0.269,-0.722,-0.817,0.02,-0.58,0.572,-0.0056,0.4015,0.1134,0.7361,0.2212,0.0353,0.0948,0.0855,0.4275,0.0204,0.3904,0.0019,0.0483,0.3172,0.0874,0.233,2.4,0.1762,0.1801,538,309
2024,CHI,2,Shotgun QB-run / RPO,0.026,"Shotgun spread, pass-first",0.248,1,"Shotgun spread, balanced",0.248,Shotgun QB-run / tempo,0.352,-0.439,-0.297,-0.573,-1.119,0.56,1.172,-0.876,-0.048,0.3446,0.0452,0.6817,0.2825,0.0113,0.0603,0.0094,0.5217,0.2411,0.5049,0.0264,0.0565,0.2613,0.171,0.2226,2.455,0.1532,0.1129,531,310
2024,CIN,0,"Shotgun spread, pass-first",0.28,Shotgun QB-run / RPO,0.339,2,Pass-first spread,0.366,"Shotgun spread, balanced",0.502,-1.225,-2.21,-0.817,0.821,-0.669,-0.547,2.179,0.1107,0.1477,0.0708,0.5892,0.4062,0.0046,0.0969,0.0369,0.5031,0.0246,0.4051,0.0031,0.0492,0.2106,0.051,0.1729,2.2,0.1604,0.2707,650,451
2024,CLE,0,"Shotgun spread, pass-first",0.158,Under-center play-action,0.348,2,Pass-first spread,0.087,"Shotgun spread, balanced",0.242,-0.298,-0.083,-0.816,0.013,0.355,-0.28,1.24,0.0264,0.3074,0.083,0.6731,0.2597,0.0124,0.1042,0.0601,0.47,0.0583,0.4847,0.0283,0.0459,0.2931,0.0776,0.2011,2.4,0.131,0.2552,566,348
2024,DAL,0,"Shotgun spread, pass-first",0.251,Under-center play-action,0.547,1,"Shotgun spread, balanced",0.122,Pass-first spread,0.247,0.292,-1.132,-0.855,-0.469,-0.521,-0.445,-0.001,0.002,0.3203,0.0719,0.6515,0.2036,0.1303,0.0684,0.0049,0.5261,0.0375,0.4032,0.0147,0.0293,0.2528,0.1051,0.1591,2.3,0.1101,0.2294,614,352
2024,DEN,0,"Shotgun spread, pass-first",0.004,Under-center play-action,0.055,1,"Shotgun spread, balanced",0.216,Under-center play-action,0.423,-0.193,0.537,-0.065,-1.193,0.462,0.072,-0.454,-0.0176,0.3659,0.0697,0.607,0.2522,0.1304,0.0609,0.0765,0.3861,0.1026,0.448,0.0087,0.0522,0.3041,0.1345,0.2544,2.5,0.2441,0.1204,575,342
2024,DET,1,Under-center play-action,0.328,"Shanahan wide-zone, two-back motion",0.439,0,Under-center play-action,0.324,"Shotgun spread, balanced",0.43,1.589,1.798,0.381,0.319,-1.575,-0.429,-0.76,-0.0501,0.5539,0.0208,0.533,0.435,0.0264,0.0659,0.0678,0.6384,0.0395,0.6198,0.0,0.0264,0.3589,0.101,0.1045,2.6,0.1899,0.1977,531,287
2024,GB,0,"Shotgun spread, pass-first",0.137,Under-center play-action,0.198,1,"Shotgun spread, balanced",0.164,Pass-first spread,0.217,-1.813,-0.387,0.432,-0.199,-0.859,-0.353,-2.127,-0.1092,0.2731,0.1434,0.6228,0.3026,0.0727,0.0432,0.002,0.6719,0.0491,0.4588,0.0079,0.0884,0.2724,0.1423,0.1463,2.4,0.1765,0.2081,509,246
2024,HOU,1,Under-center play-action,0.243,"Shotgun spread, pass-first",0.549,0,Under-center play-action,0.162,"Shotgun spread, balanced",0.46,0.757,0.339,-0.034,-0.053,0.174,-0.412,-0.248,-0.0067,0.4143,0.0399,0.6023,0.3594,0.0316,0.0632,0.01,0.584,0.0416,0.5502,0.0,0.03,0.2796,0.1048,0.25,2.535,0.1757,0.1949,601,372
2024,IND,2,Shotgun QB-run / RPO,-0.028,"Shotgun spread, pass-first",0.089,1,"Shotgun spread, balanced",0.229,Heavy power run + QB run,0.311,-1.446,0.642,-0.498,-0.692,0.766,0.102,-1.212,-0.0733,0.124,0.2178,0.6952,0.3032,0.0016,0.0603,0.0016,0.4587,0.1063,0.4323,0.0635,0.0524,0.3427,0.0966,0.1558,2.4,0.1331,0.1511,630,321
2024,JAX,0,"Shotgun spread, pass-first",0.024,Under-center play-action,0.096,1,"Shotgun spread, balanced",0.075,Under-center play-action,0.134,-0.115,-0.378,-1.252,0.445,-0.579,0.112,-1.18,-0.0432,0.3316,0.0529,0.619,0.3686,0.0088,0.0459,0.03,0.3845,0.1076,0.4017,0.0071,0.0441,0.273,0.1111,0.1714,2.4,0.1587,0.2472,567,315
2024,KC,0,"Shotgun spread, pass-first",0.18,Under-center play-action,0.275,2,Pass-first spread,0.356,"Shotgun spread, balanced",0.532,-1.208,-0.747,-0.882,1.737,-0.148,-0.732,0.814,0.0549,0.2514,0.088,0.4818,0.5,0.0335,0.0726,0.0223,0.5838,0.0014,0.3071,0.0,0.0656,0.2478,0.125,0.2232,2.4,0.1462,0.3264,716,448
2024,LA,1,Under-center play-action,0.319,"Shotgun spread, pass-first",0.401,0,Under-center play-action,0.243,"Shotgun spread, balanced",0.317,1.87,1.823,-0.011,-1.145,-0.708,-0.29,-0.679,-0.0123,0.5131,0.1356,0.8182,0.1618,0.0,0.0493,0.0,0.8089,0.057,0.4311,0.0046,0.0108,0.3606,0.1014,0.1662,2.6,0.1067,0.1738,649,355
2024,LAC,1,Under-center play-action,0.208,"Shotgun spread, pass-first",0.273,0,Under-center play-action,0.223,"Shotgun spread, balanced",0.312,0.708,1.912,0.127,-0.724,-1.212,-0.527,1.123,0.0059,0.3255,0.1109,0.5603,0.1528,0.3379,0.1104,0.0119,0.5365,0.0272,0.4844,0.0068,0.017,0.3352,0.0597,0.1193,2.7,0.1151,0.227,589,352
2024,LV,1,Under-center play-action,0.194,"Shotgun spread, pass-first",0.256,0,Under-center play-action,0.13,Pass-first spread,0.217,0.121,0.456,-0.596,2.026,0.04,-0.456,0.048,0.0111,0.3284,0.0755,0.4738,0.5213,0.0,0.0656,0.0705,0.6197,0.0361,0.3333,0.0066,0.0361,0.2829,0.0784,0.2241,2.55,0.1742,0.3484,610,357
2024,MIA,3,"Shanahan wide-zone, two-back motion",0.379,"Shotgun spread, pass-first",0.549,4,"Shanahan wide-zone, two-back motion",0.371,"Shotgun spread, balanced",0.55,0.083,-0.822,3.354,0.255,-0.37,-0.456,0.875,-0.0528,0.2611,0.3186,0.2824,0.3415,0.445,0.1314,0.0,0.7898,0.0361,0.5871,0.0164,0.0263,0.3054,0.1617,0.1677,2.2,0.25,0.2397,609,334
2024,MIN,1,Under-center play-action,0.389,"Shotgun spread, pass-first",0.655,0,Under-center play-action,0.34,"Shotgun spread, balanced",0.62,1.145,1.437,-0.426,-0.095,-0.38,0.089,-0.144,0.0377,0.4751,0.0295,0.5901,0.2886,0.1342,0.0441,0.0,0.5441,0.1048,0.4839,0.0055,0.0276,0.2714,0.08,0.1914,2.8,0.1438,0.2274,544,350
2024,NE,0,"Shotgun spread, pass-first",0.075,Under-center play-action,0.184,2,Pass-first spread,0.14,"Shotgun spread, balanced",0.218,-0.036,-1.072,-0.813,1.479,0.369,-0.421,-0.198,-0.0194,0.3702,0.0626,0.5488,0.4383,0.0129,0.0718,0.0737,0.4972,0.0405,0.4384,0.011,0.0479,0.2413,0.1048,0.2413,2.35,0.1508,0.3294,543,315
2024,NO,1,Under-center play-action,0.204,Heavy power run + QB run,0.215,0,Under-center play-action,0.194,Heavy power run + QB run,0.177,1.416,0.431,1.319,1.404,0.146,-0.391,0.12,-0.0663,0.4945,0.0424,0.2417,0.5498,0.2934,0.1089,0.0166,0.5277,0.0443,0.6613,0.0074,0.0221,0.2655,0.1,0.231,2.6,0.2422,0.2617,542,290
2024,NYG,0,"Shotgun spread, pass-first",0.133,Shotgun QB-run / RPO,0.204,1,"Shotgun spread, balanced",0.299,Under-center play-action,0.491,-0.33,0.054,-0.766,-1.327,0.831,-0.101,-0.417,-0.0463,0.346,0.062,0.6821,0.2732,0.0344,0.0773,0.0189,0.5034,0.0808,0.4305,0.0447,0.0533,0.3025,0.1296,0.2037,2.4,0.1516,0.0939,582,324
2024,NYJ,0,"Shotgun spread, pass-first",0.18,"Shanahan wide-zone, two-back motion",0.444,1,"Shotgun spread, balanced",0.055,Pass-first spread,0.131,-0.316,-0.589,0.568,-0.513,-0.488,-0.274,0.715,0.0141,0.2888,0.118,0.6661,0.2748,0.0528,0.0901,0.0078,0.5109,0.059,0.5959,0.0016,0.0435,0.2821,0.0856,0.1914,2.325,0.2145,0.1866,644,397
2024,PHI,2,Shotgun QB-run / RPO,0.233,Heavy power run + QB run,0.392,3,Shotgun QB-run / tempo,0.125,Heavy power run + QB run,0.171,-1.501,0.438,-0.214,-0.112,2.671,1.538,-1.325,-0.0822,0.1315,0.2007,0.6522,0.3322,0.0173,0.0606,0.0052,0.4758,0.2872,0.4336,0.064,0.0554,0.266,0.0673,0.3131,2.6,0.166,0.2024,578,297
2024,PIT,1,Under-center play-action,0.175,Heavy power run + QB run,0.123,5,Heavy power run + QB run,-0.155,Under-center play-action,0.103,0.944,1.174,0.369,0.632,0.912,1.032,-1.157,-0.0764,0.4491,0.0579,0.4875,0.4703,0.0438,0.0641,0.0328,0.4547,0.2234,0.5323,0.0281,0.0297,0.3162,0.094,0.2479,2.6,0.2696,0.215,640,351
2024,SEA,0,"Shotgun spread, pass-first",0.262,Shotgun QB-run / RPO,0.412,2,Pass-first spread,0.096,"Shotgun spread, balanced",0.215,-0.553,-0.859,-0.94,-0.674,-1.031,0.651,1.438,0.0102,0.2612,0.0429,0.7453,0.241,0.0189,0.1205,0.0138,0.5009,0.1756,0.3796,0.0138,0.0465,0.2401,0.1215,0.1186,2.4,0.1661,0.186,581,354
2024,SF,3,"Shanahan wide-zone, two-back motion",0.141,Under-center play-action,0.331,4,"Shanahan wide-zone, two-back motion",0.151,Under-center play-action,0.368,1.387,-0.049,1.436,-0.906,-0.607,-0.652,-0.13,-0.0003,0.4231,0.0626,0.3985,0.1537,0.463,0.0645,0.0152,0.7419,0.0114,0.4976,0.0038,0.0114,0.2484,0.0588,0.1765,2.55,0.1858,0.2055,527,306
2024,TB,0,"Shotgun spread, pass-first",0.065,"Shanahan wide-zone, two-back motion",0.152,4,"Shanahan wide-zone, two-back motion",-0.078,"Shotgun spread, balanced",0.027,0.917,-1.511,0.608,-0.612,-0.534,-0.625,0.566,-0.0147,0.3939,0.0764,0.6705,0.25,0.0778,0.0993,0.0083,0.5811,0.0149,0.5502,0.0083,0.0215,0.227,0.1264,0.1724,2.3,0.226,0.1884,604,348
2024,TEN,1,Under-center play-action,0.207,"Shotgun spread, pass-first",0.437,0,Under-center play-action,0.207,"Shotgun spread, balanced",0.475,0.088,0.669,-0.28,0.436,-0.537,-0.643,-0.337,-0.0615,0.311,0.1013,0.63,0.3538,0.0217,0.0884,0.1047,0.5217,0.0126,0.4711,0.0144,0.0343,0.3131,0.1178,0.1582,2.5,0.1734,0.254,554,297
2024,WAS,2,Shotgun QB-run / RPO,0.314,"Shotgun spread, pass-first",0.394,3,Shotgun QB-run / tempo,0.395,"Shotgun spread, balanced",0.507,-2.011,-0.759,0.09,-0.247,1.897,4.576,1.663,0.0245,0.0664,0.1845,0.5812,0.3118,0.1107,0.1218,0.0111,0.4779,0.6697,0.4826,0.0701,0.0609,0.247,0.1114,0.2349,2.4,0.1635,0.1977,542,332
2025,ARI,1,Under-center play-action,0.206,"Shotgun spread, pass-first",0.252,0,Under-center play-action,0.138,Pass-first spread,0.191,0.752,0.564,-0.27,2.31,-0.222,-0.331,1.19,0.0801,0.3779,0.031,0.4574,0.5136,0.0019,0.064,0.1841,0.5136,0.0388,0.5843,0.0116,0.0174,0.3245,0.1032,0.2006,2.5,0.1667,0.3576,516,339
2025,ATL,3,"Shanahan wide-zone, two-back motion",0.184,Heavy power run + QB run,0.274,4,"Shanahan wide-zone, two-back motion",0.157,Heavy power run + QB run,0.247,-0.559,-0.263,2.863,0.82,-1.618,0.178,-1.674,-0.0591,0.2126,0.348,0.3931,0.489,0.1242,0.0267,0.0016,0.7296,0.0975,0.6426,0.0016,0.0487,0.2584,0.0927,0.118,2.5,0.2416,0.2446,636,356
2025,BAL,4,Heavy power run + QB run,0.038,Under-center play-action,0.271,5,Heavy power run + QB run,0.123,"Shotgun spread, balanced",0.385,0.063,-0.899,0.452,1.745,1.308,-0.478,-2.207,-0.1117,0.3618,0.0727,0.2636,0.4982,0.3182,0.0345,0.0091,0.5691,0.0218,0.508,0.0382,0.0582,0.2482,0.0791,0.2374,2.4,0.163,0.3172,550,278
2025,BUF,1,Under-center play-action,0.197,"Shotgun spread, pass-first",0.314,0,Under-center play-action,0.155,"Shotgun spread, balanced",0.283,0.227,1.1,0.173,0.174,0.934,-0.277,0.562,-0.0224,0.4765,0.0235,0.6144,0.2955,0.191,0.0955,0.0144,0.6541,0.045,0.4196,0.0252,0.0865,0.2862,0.0965,0.2508,2.7,0.1976,0.2688,555,311
2025,CAR,0,"Shotgun spread, pass-first",0.163,Under-center play-action,0.364,1,"Shotgun spread, balanced",0.156,Pass-first spread,0.329,-0.602,0.118,-0.567,-0.406,0.664,-0.534,0.162,-0.0396,0.3716,0.0959,0.6182,0.3425,0.0394,0.089,0.012,0.5257,0.0154,0.3867,0.0086,0.1062,0.2888,0.0621,0.2857,2.5,0.1801,0.2022,584,322
2025,CHI,1,Under-center play-action,0.277,Heavy power run + QB run,0.312,0,Under-center play-action,0.253,Heavy power run + QB run,0.257,1.048,2.414,-0.388,0.379,1.045,-0.409,-0.05,-0.0072,0.5266,0.0251,0.5188,0.4561,0.0,0.0627,0.058,0.6176,0.0298,0.4943,0.0172,0.0486,0.3911,0.1034,0.2877,2.7,0.1456,0.2215,638,358
2025,CIN,0,"Shotgun spread, pass-first",0.34,"Shanahan wide-zone, two-back motion",0.469,2,Pass-first spread,0.248,"Shotgun spread, balanced",0.41,-1.413,-1.678,-0.753,-0.434,-1.54,-0.623,1.028,0.0495,0.2059,0.0363,0.628,0.3304,0.0363,0.0744,0.0121,0.5848,0.0052,0.3417,0.0017,0.1038,0.186,0.0728,0.124,2.4,0.184,0.2047,578,371
2025,CLE,1,Under-center play-action,0.312,"Shotgun spread, pass-first",0.459,0,Under-center play-action,0.31,Heavy power run + QB run,0.403,0.496,0.85,-0.416,1.716,-0.092,-0.303,-0.251,-0.0445,0.4046,0.028,0.4256,0.5499,0.0245,0.0753,0.0858,0.5692,0.042,0.4134,0.0035,0.0438,0.3067,0.1118,0.2396,2.6,0.2118,0.2941,571,313
2025,DAL,1,Under-center play-action,0.25,"Shotgun spread, pass-first",0.415,0,Under-center play-action,0.163,"Shotgun spread, balanced",0.319,0.437,1.206,-0.126,-0.73,-0.659,-0.244,-0.399,-0.0129,0.4123,0.0253,0.6504,0.2346,0.1402,0.052,0.0126,0.6441,0.0488,0.4375,0.0063,0.0504,0.3351,0.067,0.1823,2.6,0.1603,0.2187,635,373
2025,DEN,0,"Shotgun spread, pass-first",0.149,Shotgun QB-run / RPO,0.167,1,"Shotgun spread, balanced",0.166,Pass-first spread,0.241,-0.501,0.227,0.135,-1.214,0.44,0.416,1.227,0.0144,0.3568,0.054,0.6517,0.2322,0.1669,0.1016,0.0769,0.492,0.1248,0.551,0.0087,0.0943,0.257,0.1192,0.2664,2.6,0.1953,0.1797,689,428
2025,DET,1,Under-center play-action,0.146,"Shanahan wide-zone, two-back motion",0.183,0,Under-center play-action,0.078,"Shotgun spread, balanced",0.1,1.313,0.407,0.463,-1.004,-1.634,-0.271,-1.425,-0.0541,0.5407,0.0051,0.5576,0.3593,0.0678,0.0339,0.0864,0.6458,0.0458,0.5483,0.0017,0.0356,0.3119,0.107,0.1162,2.5,0.2211,0.1463,590,327
2025,GB,0,"Shotgun spread, pass-first",0.113,Under-center play-action,0.336,1,"Shotgun spread, balanced",0.231,Under-center play-action,0.564,-0.422,-0.139,-0.143,-0.192,-0.145,-0.069,-0.699,-0.0571,0.388,0.0706,0.5874,0.3604,0.0414,0.0644,0.0613,0.5936,0.069,0.4929,0.0184,0.0997,0.2684,0.0706,0.1836,2.5,0.1556,0.2127,652,354
2025,HOU,0,"Shotgun spread, pass-first",0.186,Under-center play-action,0.308,1,"Shotgun spread, balanced",0.273,Under-center play-action,0.408,0.712,-1.212,-0.903,-1.447,-0.268,-0.456,-0.472,-0.0095,0.3905,0.0,0.7101,0.1303,0.1401,0.0472,0.1792,0.5831,0.0244,0.3875,0.0081,0.0244,0.2637,0.044,0.2088,2.3,0.1226,0.2013,614,364
2025,IND,0,"Shotgun spread, pass-first",0.035,Under-center play-action,0.116,2,Pass-first spread,0.077,Under-center play-action,0.161,-1.025,0.653,-0.905,0.819,-1.11,-0.349,0.419,0.0189,0.2816,0.0448,0.6124,0.3796,0.008,0.067,0.008,0.5662,0.0367,0.3659,0.008,0.1037,0.3315,0.0543,0.1386,2.5,0.1595,0.2883,627,368
2025,JAX,0,"Shotgun spread, pass-first",0.117,Under-center play-action,0.341,1,"Shotgun spread, balanced",0.097,Under-center play-action,0.207,0.414,-0.218,-0.397,-0.703,-0.296,-0.196,0.792,0.0425,0.3877,0.0308,0.6848,0.2627,0.0399,0.0688,0.0779,0.6467,0.0543,0.4384,0.0199,0.0435,0.262,0.0783,0.1657,2.5,0.1443,0.2096,552,332
2025,KC,0,"Shotgun spread, pass-first",0.234,Shotgun QB-run / RPO,0.285,2,Pass-first spread,0.285,"Shotgun spread, balanced",0.433,-2.037,-1.992,-0.899,0.639,0.233,-0.615,0.534,0.0472,0.2179,0.0348,0.5552,0.3888,0.062,0.056,0.0318,0.5098,0.0061,0.4298,0.003,0.1498,0.2014,0.1055,0.2686,2.3,0.1437,0.2698,661,417
2025,LA,1,Under-center play-action,0.327,"Shotgun spread, pass-first",0.446,0,Under-center play-action,0.335,"Shotgun spread, balanced",0.471,2.16,1.176,-0.789,0.288,-1.067,-0.168,0.605,0.0587,0.6125,0.0017,0.6125,0.3858,0.0,0.0525,0.0,0.6734,0.0575,0.4299,0.0034,0.0034,0.3733,0.0817,0.158,2.5,0.1037,0.2421,591,367
2025,LAC,0,"Shotgun spread, pass-first",0.19,Under-center play-action,0.339,1,"Shotgun spread, balanced",0.275,Under-center play-action,0.45,0.336,-0.55,-0.099,-1.682,0.119,-0.576,0.312,0.0367,0.3228,0.0423,0.5714,0.1146,0.3104,0.0529,0.0811,0.5714,0.0106,0.4461,0.0071,0.0265,0.2761,0.0789,0.2451,2.4,0.1359,0.1882,567,355
2025,LV,1,Under-center play-action,0.326,"Shotgun spread, pass-first",0.473,0,Under-center play-action,0.329,"Shotgun spread, balanced",0.479,0.63,1.156,-0.679,1.532,-0.902,-0.209,-0.557,-0.019,0.4132,0.0415,0.5132,0.4811,0.0057,0.0491,0.0321,0.5849,0.0528,0.3493,0.0075,0.0377,0.3312,0.074,0.1576,2.6,0.1976,0.3065,530,311
2025,MIA,3,"Shanahan wide-zone, two-back motion",0.449,"Shotgun spread, pass-first",0.69,4,"Shanahan wide-zone, two-back motion",0.394,"Shotgun spread, balanced",0.629,-0.351,0.015,3.208,-1.024,-0.576,-0.489,0.323,-0.0412,0.305,0.2018,0.2913,0.2018,0.5619,0.0963,0.1514,0.7431,0.0206,0.6313,0.0069,0.0665,0.3617,0.1319,0.1872,2.3,0.25,0.2075,436,235
2025,MIN,1,Under-center play-action,0.218,"Shotgun spread, pass-first",0.411,0,Under-center play-action,0.084,"Shotgun spread, balanced",0.22,0.756,0.634,-0.047,-0.731,0.089,-0.201,-0.216,-0.0232,0.5009,0.0093,0.5807,0.3135,0.1503,0.0649,0.0037,0.5659,0.0538,0.5225,0.0148,0.0594,0.3301,0.1046,0.2157,2.5,0.1748,0.187,539,306
2025,NE,1,Under-center play-action,0.233,"Shotgun spread, pass-first",0.416,0,Under-center play-action,0.242,"Shotgun spread, balanced",0.468,1.136,0.7,-0.261,-0.306,-0.075,-0.561,0.78,0.0388,0.4382,0.0,0.5106,0.2958,0.2377,0.0704,0.0634,0.5387,0.0123,0.4554,0.007,0.0123,0.2542,0.0424,0.2288,2.7,0.1771,0.2292,568,354
2025,NO,2,Shotgun QB-run / RPO,0.15,"Shotgun spread, pass-first",0.555,3,Shotgun QB-run / tempo,0.004,"Shotgun spread, balanced",0.235,-0.758,-0.858,-0.596,-0.148,1.1,1.196,0.105,-0.0181,0.2596,0.0399,0.7055,0.2696,0.01,0.0749,0.03,0.6572,0.2146,0.3734,0.0316,0.0782,0.2515,0.0673,0.2427,2.4,0.1509,0.2526,601,342
2025,NYG,2,Shotgun QB-run / RPO,0.234,"Shotgun spread, pass-first",0.535,3,Shotgun QB-run / tempo,0.1,"Shotgun spread, balanced",0.306,-1.513,-0.192,-0.745,0.422,1.23,1.25,-0.984,-0.0512,0.2712,0.0782,0.5083,0.4817,0.0083,0.0498,0.005,0.387,0.2209,0.498,0.0382,0.1329,0.3046,0.0862,0.2308,2.4,0.1889,0.2148,602,325
2025,NYJ,2,Shotgun QB-run / RPO,0.001,Heavy power run + QB run,0.032,5,Heavy power run + QB run,-0.121,"Shotgun spread, balanced",0.023,-0.882,-1.428,0.331,-0.421,2.166,-0.315,-2.372,-0.1224,0.3363,0.0519,0.5688,0.3093,0.14,0.0339,0.079,0.6998,0.0406,0.4133,0.0564,0.1129,0.2465,0.0837,0.2465,2.3,0.1964,0.2143,443,215
2025,PHI,2,Shotgun QB-run / RPO,0.16,"Shotgun spread, pass-first",0.429,3,Shotgun QB-run / tempo,0.143,"Shotgun spread, balanced",0.368,-0.717,-0.128,-0.542,0.051,1.416,1.113,1.186,-0.0027,0.2239,0.0718,0.6188,0.3692,0.0154,0.1094,0.041,0.5299,0.2051,0.5093,0.0274,0.0632,0.2692,0.0414,0.284,2.5,0.1285,0.2292,585,338
2025,PIT,0,"Shotgun spread, pass-first",0.158,"Shanahan wide-zone, two-back motion",0.235,2,Pass-first spread,0.28,"Shanahan wide-zone, two-back motion",0.403,-0.361,-1.109,0.505,1.113,-0.793,-0.034,2.124,-0.0044,0.3506,0.026,0.4724,0.4919,0.0438,0.1477,0.2127,0.5925,0.0731,0.5415,0.0,0.0828,0.2314,0.146,0.1928,2.4,0.2585,0.2677,616,363
2025,SEA,1,Under-center play-action,0.289,"Shotgun spread, pass-first",0.515,0,Under-center play-action,0.293,"Shotgun spread, balanced",0.544,1.531,0.146,-0.149,0.489,-0.265,-0.146,0.442,-0.0505,0.5671,0.0361,0.3687,0.4629,0.2244,0.1062,0.01,0.5852,0.0601,0.4934,0.006,0.0301,0.291,0.0746,0.2164,2.5,0.1224,0.2278,499,268
2025,SF,3,"Shanahan wide-zone, two-back motion",0.294,Under-center play-action,0.497,4,"Shanahan wide-zone, two-back motion",0.275,Under-center play-action,0.483,1.452,0.587,2.235,-1.003,-0.969,-0.447,0.518,0.0059,0.4839,0.0255,0.3599,0.1647,0.5348,0.0781,0.0,0.747,0.0255,0.4569,0.0068,0.0068,0.2857,0.0612,0.1545,2.6,0.3311,0.2241,589,343
2025,TB,0,"Shotgun spread, pass-first",0.298,"Shanahan wide-zone, two-back motion",0.439,1,"Shotgun spread, balanced",0.257,Pass-first spread,0.403,-0.251,-1.77,-0.092,-1.359,-0.322,-0.219,-0.556,-0.0349,0.3881,0.0426,0.6575,0.2664,0.0639,0.0578,0.0167,0.6545,0.0518,0.4256,0.003,0.0883,0.2192,0.126,0.2219,2.3,0.1803,0.1541,657,365
2025,TEN,0,"Shotgun spread, pass-first",0.176,Under-center play-action,0.438,1,"Shotgun spread, balanced",0.064,Pass-first spread,0.2,-0.888,0.14,-0.603,-0.024,-0.085,-0.407,-0.119,-0.0346,0.3627,0.0258,0.633,0.324,0.0429,0.0751,0.1309,0.5322,0.03,0.4898,0.0086,0.1223,0.2906,0.1434,0.2226,2.5,0.1518,0.2411,466,265
2025,WAS,2,Shotgun QB-run / RPO,0.323,Heavy power run + QB run,0.403,3,Shotgun QB-run / tempo,0.357,Heavy power run + QB run,0.462,-1.18,0.344,0.007,0.332,1.896,4.775,-0.329,-0.0407,0.1477,0.197,0.5606,0.3939,0.0265,0.0701,0.1098,0.6212,0.6269,0.4507,0.0473,0.0682,0.3069,0.0897,0.2552,2.5,0.1082,0.2424,528,290
