season,posteam,pct_pistol,pct_shotgun,pct_under_center,formation_hhi,pct_shotgun_or_pistol,pct_pers_11,pct_pers_12,pct_pers_13,pct_pers_21,pct_pers_10,pct_pers_01,pct_pers_22,pct_pers_02,pct_top_personnel,top_personnel_code,personnel_hhi,n_personnel_groups_5plus,rush_rate
2022,ARI,0.12633832976445397,0.8736616702355461,0.0,0.779246087606436,1.0,0.6145610278372591,0.3019271948608137,0.004282655246252677,0.023554603854389723,0.03640256959314775,0.0,0.0021413276231263384,0.0,0.6145610278372591,11,0.4710416389639092,5,0.42394823
2022,ATL,0.6180048661800487,0.3819951338199513,0.0,0.5278502968843424,1.0,0.3795620437956204,0.22141119221411193,0.058394160583941604,0.25060827250608275,0.0024330900243309003,0.0,0.08029197080291971,0.0,0.3795620437956204,11,0.265775125650452,5,0.5673401
2022,BAL,0.4340344168260038,0.5659655831739961,0.0,0.5087029163269707,1.0,0.13193116634799235,0.1682600382409178,0.040152963671128104,0.28680688336520077,0.0,0.0,0.3632887189292543,0.0,0.3632887189292543,22,0.26165781324832105,5,0.50296736
2022,BUF,0.018140589569160998,0.981859410430839,0.0,0.9643769828415116,1.0,0.8140589569160998,0.02947845804988662,0.0,0.1292517006802721,0.015873015873015872,0.0022675736961451248,0.006802721088435374,0.0,0.8140589569160998,11,0.6805754803811168,4,0.4
2022,CAR,0.008583690987124463,0.9914163090128756,0.0,0.982979977527676,1.0,0.871244635193133,0.04721030042918455,0.004291845493562232,0.06437768240343347,0.008583690987124463,0.0,0.0,0.004291845493562232,0.871244635193133,11,0.7655510324375103,3,0.51594746
2022,CHI,0.01818181818181818,0.9818181818181818,0.0,0.964297520661157,1.0,0.6727272727272727,0.14545454545454545,0.024242424242424242,0.13333333333333333,0.0,0.0,0.021212121212121213,0.0,0.6727272727272727,11,0.4925436179981635,5,0.57894737
2022,CIN,0.00823045267489712,0.9917695473251029,0.0,0.9836745753526732,1.0,0.9691358024691358,0.01646090534979424,0.00205761316872428,0.0,0.00823045267489712,0.0,0.0,0.00205761316872428,0.9691358024691358,11,0.9395756066995207,2,0.34254992
2022,CLE,0.03546099290780142,0.9645390070921985,0.0,0.9315929782204113,1.0,0.6737588652482269,0.1453900709219858,0.028368794326241134,0.12411347517730496,0.0,0.0,0.014184397163120567,0.0,0.6737588652482269,11,0.49170061868115283,4,0.4976744
2022,DAL,0.04843304843304843,0.9515669515669516,0.0,0.9078254234949392,1.0,0.8205128205128205,0.08831908831908832,0.008547008547008548,0.05698005698005698,0.002849002849002849,0.005698005698005698,0.0,0.0,0.8205128205128205,11,0.6845480150323454,3,0.49054053
2022,DEN,0.039119804400977995,0.960880195599022,0.0,0.9248211093907857,1.0,0.684596577017115,0.24205378973105135,0.014669926650366748,0.05867970660146699,0.0,0.0,0.0,0.0,0.684596577017115,11,0.530921025101476,4,0.45
2022,DET,0.02834008097165992,0.97165991902834,0.0,0.9449261584356405,1.0,0.805668016194332,0.06882591093117409,0.004048582995951417,0.02834008097165992,0.06072874493927125,0.020242914979757085,0.0,0.0,0.805668016194332,11,0.6588372207379241,4,0.46434784
2022,GB,0.017595307917888565,0.9824046920821115,0.0,0.9654285738856736,1.0,0.5366568914956011,0.26099706744868034,0.005865102639296188,0.17302052785923755,0.008797653958944282,0.002932551319648094,0.0,0.0,0.5366568914956011,11,0.3863141871844927,3,0.43856657
2022,HOU,0.061016949152542375,0.9389830508474576,0.0,0.885412237862683,1.0,0.7084745762711865,0.19661016949152543,0.04067796610169491,0.01694915254237288,0.023728813559322035,0.003389830508474576,0.0,0.0,0.7084745762711865,11,0.5432117207698939,4,0.47980613
2022,IND,0.0024509803921568627,0.9975490196078431,0.0,0.9951100538254518,1.0,0.8431372549019608,0.08823529411764706,0.0024509803921568627,0.056372549019607844,0.0024509803921568627,0.0,0.007352941176470588,0.0,0.8431372549019608,11,0.7219098423683198,3,0.45614034
2022,JAX,0.039627039627039624,0.9603729603729604,0.0,0.9238865252851267,1.0,0.7505827505827506,0.18181818181818182,0.03263403263403263,0.02564102564102564,0.009324009324009324,0.0,0.0,0.0,0.7505827505827506,11,0.598241696143794,4,0.4408602
2022,KC,0.017006802721088437,0.9829931972789115,0.0,0.9665648572354111,1.0,0.5867346938775511,0.3231292517006803,0.07993197278911565,0.008503401360544218,0.0,0.0017006802721088435,0.0,0.0,0.5867346938775511,11,0.4551344347262716,3,0.3548796
2022,LA,0.020833333333333332,0.9791666666666666,0.0,0.9592013888888888,1.0,0.953125,0.020833333333333332,0.0,0.0,0.020833333333333332,0.005208333333333333,0.0,0.0,0.953125,11,0.9093424479166667,1,0.45306858
2022,LAC,0.04228855721393035,0.9577114427860697,0.0,0.9189995297146111,1.0,0.7885572139303483,0.14925373134328357,0.004975124378109453,0.04228855721393035,0.0,0.0,0.007462686567164179,0.0,0.7885572139303483,11,0.6460236132768992,3,0.36161336
2022,LV,0.01107011070110701,0.988929889298893,0.0,0.9781048732996556,1.0,0.8191881918819188,0.08118081180811808,0.0,0.09225092250922509,0.0,0.0,0.0,0.0,0.8191881918819188,11,0.6862243161176999,3,0.45186335
2022,MIA,0.06306306306306306,0.9369369369369369,0.0,0.8818277737196656,1.0,0.4864864864864865,0.09309309309309309,0.0,0.2972972972972973,0.03303303303303303,0.006006006006006006,0.006006006006006006,0.0,0.4864864864864865,11,0.3409806202598996,5,0.41130298
2022,MIN,0.012552301255230125,0.9874476987447699,0.0,0.9752105180231438,1.0,0.9288702928870293,0.058577405857740586,0.0041841004184100415,0.0041841004184100415,0.0,0.0,0.0041841004184100415,0.0,0.9288702928870293,11,0.866283853573992,2,0.37720707
2022,NE,0.019553072625698324,0.9804469273743017,0.0,0.9616585000468152,1.0,0.8687150837988827,0.09217877094972067,0.0,0.025139664804469275,0.0,0.0111731843575419,0.0,0.002793296089385475,0.8687150837988827,11,0.7639274679317125,3,0.43698853
2022,NO,0.03167420814479638,0.9683257918552036,0.0,0.9386580946336069,1.0,0.6561085972850679,0.2081447963800905,0.013574660633484163,0.07239819004524888,0.00904977375565611,0.0,0.004524886877828055,0.004524886877828055,0.6561085972850679,11,0.4799451280686309,3,0.5215827
2022,NYG,0.04918032786885246,0.9508196721311475,0.0,0.9064767535608707,1.0,0.8032786885245902,0.10655737704918032,0.0,0.06557377049180328,0.01092896174863388,0.0,0.00273224043715847,0.0,0.8032786885245902,11,0.6611126041386725,3,0.4828614
2022,NYJ,0.009615384615384616,0.9903846153846154,0.0,0.9809541420118344,1.0,0.6923076923076923,0.23717948717948717,0.003205128205128205,0.05128205128205128,0.0,0.0,0.016025641025641024,0.0,0.6923076923076923,11,0.5384409927679157,3,0.42649436
2022,PHI,0.07763401109057301,0.922365988909427,0.0,0.8567860571748764,1.0,0.7523105360443623,0.18853974121996303,0.04990757855822551,0.0073937153419593345,0.0,0.0,0.0018484288354898336,0.0,0.7523105360443623,11,0.6040672267759095,3,0.44767442
2022,PIT,0.05104408352668213,0.9489559164733179,0.0,0.9031228298727936,1.0,0.7958236658932715,0.18793503480278423,0.002320185614849188,0.01160092807424594,0.0,0.0,0.002320185614849188,0.0,0.7958236658932715,11,0.6688002325568877,2,0.48055556
2022,SEA,0.22318840579710145,0.7768115942028986,0.0,0.6532493173703005,1.0,0.5826086956521739,0.3159420289855073,0.0463768115942029,0.05507246376811594,0.0,0.0,0.0,0.0,0.5826086956521739,11,0.44443604284814114,4,0.4083205
2022,SF,0.13793103448275862,0.8620689655172413,0.0,0.7621878715814505,1.0,0.48563218390804597,0.14367816091954022,0.0028735632183908046,0.3563218390804598,0.0,0.0,0.008620689655172414,0.0028735632183908046,0.48563218390804597,11,0.3835381159994715,3,0.46594426
2022,TB,0.049868766404199474,0.9501312335958005,0.0,0.9052362549169544,1.0,0.8293963254593176,0.09186351706036745,0.005249343832020997,0.0,0.04199475065616798,0.0026246719160104987,0.0,0.0,0.8293963254593176,11,0.698968731270796,4,0.38195488
2022,TEN,0.08502024291497975,0.9149797570850202,0.0,0.8444163975806849,1.0,0.7044534412955465,0.18218623481781376,0.05668016194331984,0.03643724696356275,0.008097165991902834,0.0,0.0,0.012145748987854251,0.7044534412955465,11,0.5341998721500106,4,0.50774527
2022,WAS,0.08943089430894309,0.9105691056910569,0.0,0.8371339810959084,1.0,0.7235772357723578,0.23577235772357724,0.016260162601626018,0.0,0.0027100271002710027,0.01084010840108401,0.0,0.0,0.7235772357723578,11,0.5796153083482055,3,0.5306749
2023,ARI,0.007104795737122558,0.6518650088809946,0.3410301953818828,0.5412800620880907,0.6589698046181172,0.5612788632326821,0.27353463587921845,0.12255772646536411,0.0,0.0,0.02664298401420959,0.0,0.014209591474245116,0.5612788632326821,11,0.405790471623408,5,0.49557522
2023,ATL,0.28075253256150506,0.4732272069464544,0.2460202604920405,0.36329194250661284,0.7539797395079595,0.28798842257597684,0.40520984081041966,0.10130246020260492,0.12590448625180897,0.01447178002894356,0.0,0.060781476121562955,0.001447178002894356,0.40520984081041966,12,0.2771565779580758,6,0.5043353
2023,BAL,0.06615384615384616,0.796923076923077,0.13692307692307693,0.658210650887574,0.8630769230769231,0.7076923076923077,0.1723076923076923,0.0,0.010769230769230769,0.10461538461538461,0.0,0.0,0.0,0.7076923076923077,11,0.5416000000000001,4,0.4677914
2023,BUF,0.0013698630136986301,0.7383561643835617,0.2602739726027397,0.6129142428222931,0.7397260273972603,0.6945205479452055,0.22054794520547946,0.00684931506849315,0.00821917808219178,0.057534246575342465,0.00410958904109589,0.0,0.00821917808219178,0.6945205479452055,11,0.5345092887971477,5,0.4473324
2023,CAR,0.09768211920529801,0.6771523178807947,0.2251655629139073,0.5187765887461077,0.7748344370860927,0.8377483443708609,0.1291390728476821,0.004966887417218543,0.006622516556291391,0.0033112582781456954,0.016556291390728478,0.0,0.0016556291390728477,0.8377483443708609,11,0.7188555326520766,3,0.47029704
2023,CHI,0.09433962264150944,0.6528301886792452,0.2528301886792453,0.49901032395870415,0.7471698113207547,0.6339622641509434,0.3,0.03773584905660377,0.007547169811320755,0.0018867924528301887,0.007547169811320755,0.0,0.011320754716981131,0.6339622641509434,11,0.49357778568885724,4,0.5037594
2023,CIN,0.008333333333333333,0.8566666666666667,0.135,0.7521722222222224,0.865,0.7216666666666667,0.16333333333333333,0.008333333333333333,0.006666666666666667,0.023333333333333334,0.021666666666666667,0.0,0.055,0.7216666666666667,11,0.5516333333333334,5,0.34991708
2023,CLE,0.019877675840978593,0.6376146788990825,0.3425076452599388,0.5242590878059272,0.6574923547400611,0.7079510703363915,0.17584097859327216,0.06116207951070336,0.0,0.00764525993883792,0.03669724770642202,0.0015290519877675841,0.009174311926605505,0.7079510703363915,11,0.5373472117012225,5,0.4307458
2023,DAL,0.0072992700729927005,0.6295620437956204,0.36313868613138683,0.5282713516969471,0.6368613138686131,0.6204379562043796,0.12226277372262774,0.051094890510948905,0.06204379562043796,0.04927007299270073,0.023722627737226276,0.03467153284671533,0.016423357664233577,0.6204379562043796,11,0.4110434759443764,9,0.39963505
2023,DEN,0.0020408163265306124,0.5510204081632653,0.44693877551020406,0.5033819241982507,0.5530612244897959,0.636734693877551,0.3020408163265306,0.0163265306122449,0.0020408163265306124,0.022448979591836733,0.014285714285714285,0.0,0.0,0.636734693877551,11,0.4976759683465222,5,0.48367348
2023,DET,0.0103397341211226,0.5228951255539144,0.4667651403249631,0.4913959186523219,0.5332348596750369,0.6262924667651403,0.29542097488921715,0.03692762186115214,0.023633677991137372,0.008862629246676515,0.004431314623338257,0.0029542097488921715,0.0014771048744460858,0.6262924667651403,11,0.4815470982634744,5,0.44624448
2023,GB,0.03770739064856712,0.6259426847662142,0.33634992458521873,0.5063573636903421,0.6636500754147813,0.5565610859728507,0.3891402714932127,0.024132730015082957,0.024132730015082957,0.0030165912518853697,0.0,0.0015082956259426848,0.0,0.5565610859728507,11,0.4623688203672234,4,0.45345345
2023,HOU,0.019969278033794162,0.5529953917050692,0.4270353302611367,0.48856184860347196,0.5729646697388633,0.783410138248848,0.1674347158218126,0.019969278033794162,0.004608294930875576,0.02304147465437788,0.0,0.0,0.0,0.783410138248848,11,0.6427191063730384,4,0.4516129
2023,IND,0.0655226209048362,0.8361934477379095,0.09828393135725429,0.7131724270530883,0.9017160686427457,0.7613104524180967,0.2121684867394696,0.0124804992199688,0.0078003120124804995,0.0,0.0062402496099844,0.0,0.0,0.7613104524180967,11,0.6248646201698301,3,0.44875777
2023,JAX,0.05008635578583765,0.7495682210708118,0.2003454231433506,0.6044994496496551,0.7996545768566494,0.6303972366148531,0.29015544041450775,0.06390328151986183,0.0069084628670120895,0.0,0.0,0.0051813471502590676,0.0017271157167530224,0.6303972366148531,11,0.48575502399766135,3,0.43889844
2023,KC,0.025477707006369428,0.7936305732484077,0.18089171974522292,0.6632204146212829,0.8191082802547771,0.6152866242038216,0.2764331210191083,0.09554140127388536,0.0,0.0,0.011464968152866241,0.0,0.0012738853503184713,0.6152866242038216,11,0.46425412795650933,4,0.39644217
2023,LA,0.07515337423312883,0.5337423312883436,0.3911042944785276,0.4434914750272875,0.6088957055214724,0.9616564417177914,0.03834355828220859,0.0,0.0,0.0,0.0,0.0,0.0,0.9616564417177914,11,0.9262533403590651,2,0.4226646
2023,LAC,0.06857142857142857,0.73,0.20142857142857143,0.5781755102040815,0.7985714285714286,0.6642857142857143,0.27285714285714285,0.037142857142857144,0.0,0.011428571428571429,0.005714285714285714,0.0,0.007142857142857143,0.6642857142857143,11,0.5173224489795918,4,0.41857144
2023,LV,0.001893939393939394,0.48863636363636365,0.509469696969697,0.49832845500459144,0.49053030303030304,0.7651515151515151,0.19886363636363635,0.003787878787878788,0.0,0.028409090909090908,0.0,0.0,0.0,0.7651515151515151,11,0.6258393595041322,3,0.43667296
2023,MIA,0.15180265654648956,0.6603415559772297,0.18785578747628084,0.49438481397333384,0.8121442125237193,0.7760910815939279,0.09108159392789374,0.0,0.09487666034155598,0.028462998102466792,0.003795066413662239,0.0,0.0,0.7760910815939279,11,0.6204717548401499,4,0.38825756
2023,MIN,0.007776049766718507,0.48055987558320373,0.5116640746500778,0.4927983862580391,0.48833592534992226,0.6018662519440124,0.25972006220839816,0.04821150855365474,0.0,0.0,0.08864696734059098,0.0,0.0015552099533437014,0.6018662519440124,11,0.4398825489963696,4,0.41021672
2023,NE,0.006578947368421052,0.6266447368421053,0.3667763157894737,0.5272517745844876,0.6332236842105263,0.46710526315789475,0.4194078947368421,0.06907894736842106,0.02138157894736842,0.0,0.011513157894736841,0.001644736842105263,0.004934210526315789,0.46710526315789475,11,0.3994925121191136,5,0.43021345
2023,NO,0.015050167224080268,0.5836120401337793,0.4013377926421405,0.5019015447254506,0.5986622073578596,0.5836120401337793,0.20234113712374582,0.015050167224080268,0.008361204013377926,0.10367892976588629,0.056856187290969896,0.0,0.013377926421404682,0.5836120401337793,11,0.3961532868759858,7,0.43645486
2023,NYG,0.005681818181818182,0.6799242424242424,0.3143939393939394,0.5611728076216713,0.6856060606060607,0.7140151515151515,0.23484848484848486,0.00946969696969697,0.02462121212121212,0.005681818181818182,0.003787878787878788,0.005681818181818182,0.001893939393939394,0.7140151515151515,11,0.5657498278236914,3,0.4754717
2023,NYJ,0.0017921146953405018,0.5376344086021505,0.460573476702509,0.501181896429902,0.539426523297491,0.6039426523297491,0.25627240143369173,0.08781362007168458,0.014336917562724014,0.008960573476702509,0.023297491039426525,0.0035842293906810036,0.0017921146953405018,0.6039426523297491,11,0.43897817345614776,5,0.43548387
2023,PHI,0.037481259370314844,0.9100449775112444,0.05247376311844078,0.8323402017132363,0.9475262368815592,0.7241379310344828,0.20089955022488756,0.008995502248875561,0.031484257871064465,0.031484257871064465,0.0014992503748125937,0.0014992503748125937,0.0,0.7241379310344828,11,0.5668043039949292,5,0.44626865
2023,PIT,0.021604938271604937,0.6327160493827161,0.345679012345679,0.5202903520804756,0.654320987654321,0.7098765432098766,0.19753086419753085,0.05709876543209876,0.015432098765432098,0.0015432098765432098,0.0,0.0015432098765432098,0.0030864197530864196,0.7098765432098766,11,0.5466487578113093,5,0.49384615
2023,SEA,0.05417956656346749,0.6176470588235294,0.3281733746130031,0.4921210785112481,0.6718266253869969,0.5681114551083591,0.2708978328173375,0.10990712074303406,0.017027863777089782,0.021671826625386997,0.0,0.006191950464396285,0.0,0.5681114551083591,11,0.4090329630304134,5,0.40677965
2023,SF,0.049766718506998445,0.567651632970451,0.38258164852255055,0.47107382047120683,0.6174183514774494,0.7962674961119751,0.18506998444790046,0.0015552099533437014,0.012441679626749611,0.0,0.004665629860031105,0.0,0.0,0.7962674961119751,11,0.6684718066799049,3,0.44875777
2023,TB,0.07518796992481203,0.6466165413533834,0.2781954887218045,0.5011589123183899,0.7218045112781954,0.6721804511278195,0.29172932330827067,0.021052631578947368,0.006015037593984963,0.0030075187969924814,0.0015037593984962407,0.0,0.0,0.6721804511278195,11,0.5374436090225563,3,0.42301944
2023,TEN,0.06973058637083994,0.5103011093502378,0.41996830427892234,0.441642953478618,0.5800316957210777,0.5007923930269413,0.3153724247226624,0.044374009508716325,0.09508716323296355,0.028526148969889066,0.0,0.006339144215530904,0.001584786053882726,0.5007923930269413,11,0.36214747300715033,5,0.47791797
2023,WAS,0.0,0.8080438756855576,0.19195612431444242,0.6897820586947585,0.8080438756855576,0.6745886654478976,0.21572212065813529,0.029250457038391225,0.0603290676416819,0.0,0.009140767824497258,0.005484460694698354,0.0,0.6745886654478976,11,0.5062447987861328,4,0.38069215
2024,ARI,0.1308411214953271,0.5663551401869159,0.30280373831775703,0.4295676478295048,0.697196261682243,0.44299065420560746,0.3383177570093458,0.19626168224299065,0.009345794392523364,0.0,0.003738317757009346,0.001869158878504673,0.0,0.44299065420560746,11,0.3493789850641978,3,0.4448598
2024,ATL,0.36428571428571427,0.43714285714285717,0.19857142857142857,0.36322857142857146,0.8014285714285714,0.8728571428571429,0.08714285714285715,0.0,0.032857142857142856,0.0,0.0,0.007142857142857143,0.0,0.8728571428571429,11,0.770604081632653,3,0.46714285
2024,BAL,0.09230769230769231,0.6358974358974359,0.2717948717948718,0.4867587113740959,0.7282051282051282,0.4752136752136752,0.46153846153846156,0.008547008547008548,0.008547008547008548,0.041025641025641026,0.0,0.005128205128205128,0.0,0.4752136752136752,11,0.4407012930089853,3,0.5221843
2024,BUF,0.059790732436472344,0.5814648729446936,0.35874439461883406,0.47037387082431226,0.641255605381166,0.7100149476831091,0.19431988041853512,0.026905829596412557,0.007473841554559043,0.028400597907324365,0.013452914798206279,0.0014947683109118087,0.016442451420029897,0.7100149476831091,11,0.5439236215845438,6,0.48430493
2024,CAR,0.11338289962825279,0.4851301115241636,0.40148698884758366,0.4093987092494576,0.5985130111524164,0.7360594795539034,0.21561338289962825,0.0055762081784386614,0.02973977695167286,0.0055762081784386614,0.0018587360594795538,0.0,0.0,0.7360594795539034,11,0.5892538798524067,3,0.47211897
2024,CHI,0.04519774011299435,0.6101694915254238,0.3446327683615819,0.49312138912828374,0.6553672316384181,0.6854990583804144,0.23540489642184556,0.04331450094161959,0.003766478342749529,0.009416195856873822,0.01694915254237288,0.0,0.003766478342749529,0.6854990583804144,11,0.5276084281159451,4,0.45762712
2024,CIN,0.07076923076923076,0.7815384615384615,0.1476923076923077,0.6376236686390532,0.8523076923076923,0.5892307692307692,0.3507692307692308,0.018461538461538463,0.004615384615384616,0.0,0.0,0.0,0.02923076923076923,0.5892307692307692,11,0.4715076923076923,4,0.33076924
2024,CLE,0.08303886925795052,0.6095406360424028,0.30742049469964666,0.4729426013559915,0.6925795053003534,0.6731448763250883,0.22084805653710246,0.030035335689045935,0.012367491166077738,0.04240282685512368,0.0088339222614841,0.0,0.0088339222614841,0.6731448763250883,11,0.5049195270261834,5,0.41519433
2024,DAL,0.0718954248366013,0.6078431372549019,0.3202614379084967,0.4772096202315348,0.6797385620915032,0.6111111111111112,0.16993464052287582,0.021241830065359478,0.017973856209150325,0.017973856209150325,0.13562091503267973,0.0032679738562091504,0.006535947712418301,0.6111111111111112,11,0.4220011534025375,7,0.4315961
2024,DEN,0.07251264755480608,0.5649241146711635,0.3625632377740304,0.45584944077759354,0.6374367622259696,0.6829679595278246,0.2057335581787521,0.03035413153456998,0.003372681281618887,0.01517706576728499,0.04047217537942664,0.0,0.013490725126475547,0.6829679595278246,11,0.5117859001447466,6,0.44705883
2024,DET,0.019434628975265017,0.4275618374558304,0.5530035335689046,0.4889997377917068,0.44699646643109536,0.5388692579505301,0.37985865724381623,0.053003533568904596,0.022968197879858657,0.0035335689045936395,0.0017667844522968198,0.0,0.0,0.5388692579505301,11,0.4380251969683727,4,0.46830985
2024,GB,0.149812734082397,0.5823970037453183,0.26779026217228463,0.43334174977906825,0.7322097378277154,0.6423220973782772,0.2846441947565543,0.011235955056179775,0.05805243445692884,0.0,0.0018726591760299626,0.0,0.0,0.6423220973782772,11,0.49710333992621586,4,0.5374532
2024,HOU,0.035398230088495575,0.5427728613569321,0.4218289085545723,0.47379504181133125,0.5781710914454277,0.6224188790560472,0.33480825958702065,0.016224188790560472,0.014749262536873156,0.011799410029498525,0.0,0.0,0.0,0.6224188790560472,11,0.5001218228174137,5,0.42772862
2024,IND,0.2178060413354531,0.6581875993640699,0.12400635930047695,0.4960279647458175,0.875993640699523,0.6947535771065183,0.2718600953895072,0.02702702702702703,0.001589825119236884,0.0,0.0,0.0,0.003179650238473768,0.6947535771065183,11,0.557336069820873,3,0.5126984
2024,JAX,0.05291005291005291,0.6155202821869489,0.3315696649029982,0.49160313416633233,0.6684303350970018,0.6190476190476191,0.31569664902998235,0.047619047619047616,0.007054673721340388,0.005291005291005291,0.0,0.001763668430335097,0.003527336860670194,0.6190476190476191,11,0.4852452183433959,3,0.47795415
2024,KC,0.10061349693251534,0.6723926380368098,0.22699386503067484,0.5137611502126539,0.7730061349693251,0.49938650306748467,0.35337423312883437,0.10429447852760736,0.01717791411042945,0.0,0.001226993865030675,0.014723926380368098,0.008588957055214725,0.49938650306748467,11,0.38572622228913395,6,0.4184049
2024,LA,0.12307692307692308,0.35804195804195804,0.5188811188811189,0.41257958824392393,0.4811188811188811,0.8195804195804196,0.15524475524475526,0.006993006993006993,0.0,0.01818181818181818,0.0,0.0,0.0,0.8195804195804196,11,0.6961924788498215,3,0.44755244
2024,LAC,0.1152,0.5664,0.3184,0.43545856000000005,0.6816,0.7712,0.144,0.0048,0.008,0.048,0.0208,0.0,0.0,0.7712,11,0.6183193599999999,4,0.4322169
2024,LV,0.0755336617405583,0.5960591133004927,0.3284072249589491,0.46884310600974444,0.671592775041051,0.4745484400656814,0.43349753694581283,0.08538587848932677,0.0,0.0016420361247947454,0.0016420361247947454,0.0,0.003284072249589491,0.4745484400656814,11,0.42042326244806283,3,0.43934426
2024,MIA,0.3169129720853859,0.4220032840722496,0.26108374384236455,0.3466853249425018,0.7389162561576355,0.5862068965517241,0.2955665024630542,0.027914614121510674,0.06239737274220033,0.0016420361247947454,0.0,0.014778325123152709,0.003284072249589491,0.5862068965517241,11,0.4359700281222278,5,0.47126436
2024,MIN,0.028169014084507043,0.4964788732394366,0.4753521126760563,0.4732443959531839,0.5246478873239436,0.6637323943661971,0.2711267605633803,0.007042253521126761,0.0,0.0,0.058098591549295774,0.0,0.0,0.6637323943661971,11,0.5174754512993452,3,0.39367312
2024,NE,0.06261510128913444,0.567219152854512,0.3701657458563536,0.46268089767982934,0.6298342541436464,0.5488029465930019,0.42357274401473294,0.01289134438305709,0.011049723756906077,0.0,0.001841620626151013,0.001841620626151013,0.0,0.5488029465930019,11,0.4808936099494996,4,0.47882137
2024,NO,0.042435424354243544,0.46309963099630996,0.4944649446494465,0.46075761495622336,0.5055350553505535,0.4280442804428044,0.3874538745387454,0.11623616236162361,0.02214022140221402,0.0,0.0,0.0,0.016605166051660517,0.4280442804428044,11,0.34849062512765344,6,0.48523986
2024,NYG,0.06196213425129088,0.5920826161790017,0.3459552495697074,0.4740861651671846,0.6540447504302926,0.6987951807228916,0.21686746987951808,0.04991394148020654,0.010327022375215147,0.01721170395869191,0.0,0.0017211703958691911,0.0034423407917383822,0.6987951807228916,11,0.5382582703570614,5,0.4742268
2024,NYJ,0.11801242236024845,0.593167701863354,0.2888198757763975,0.4491917750086801,0.7111801242236024,0.6661490683229814,0.2546583850931677,0.018633540372670808,0.05124223602484472,0.0015527950310559005,0.003105590062111801,0.0015527950310559005,0.0,0.6661490683229814,11,0.5116025616295666,4,0.4021739
2024,PHI,0.19097744360902255,0.6796992481203008,0.1293233082706767,0.5151879699248121,0.8706766917293234,0.6676691729323309,0.29774436090225564,0.021052631578947368,0.013533834586466165,0.0,0.0,0.0,0.0,0.6676691729323309,11,0.5350602069082482,4,0.5323308
2024,PIT,0.05683563748079877,0.49615975422427033,0.4470046082949309,0.4492179112366417,0.5529953917050691,0.48847926267281105,0.3087557603686636,0.15360983102918588,0.039938556067588324,0.0,0.0,0.0030721966205837174,0.0030721966205837174,0.48847926267281105,11,0.3591614932480103,4,0.48466256
2024,SEA,0.04130808950086059,0.7039586919104991,0.2547332185886403,0.5621532108270801,0.7452667814113597,0.7452667814113597,0.20481927710843373,0.025817555938037865,0.012048192771084338,0.0,0.0017211703958691911,0.0051635111876075735,0.0,0.7452667814113597,11,0.598229653307106,4,0.40791738
2024,SF,0.06261859582542695,0.5142314990512334,0.42314990512333966,0.44741096536551817,0.5768500948766604,0.715370018975332,0.13282732447817835,0.003795066413662239,0.0,0.0018975332068311196,0.12903225806451613,0.0,0.017077798861480076,0.715370018975332,11,0.5463563401733343,4,0.4686907
2024,TB,0.08125,0.53125,0.3875,0.438984375,0.6125,0.665625,0.2296875,0.025,0.075,0.0015625,0.0,0.0,0.0,0.665625,11,0.5020751953125,4,0.4726989
2024,TEN,0.10126582278481013,0.5877034358047016,0.31103074141048825,0.4523902174232936,0.6889692585895117,0.6311030741410488,0.29294755877034356,0.05244122965641953,0.014466546112115732,0.0018083182640144665,0.0,0.007233273056057866,0.0,0.6311030741410488,11,0.48712431615812485,4,0.4963899
2024,WAS,0.17058823529411765,0.7676470588235295,0.061764705882352944,0.6221972318339102,0.9382352941176471,0.5676470588235294,0.2485294117647059,0.045588235294117645,0.09264705882352942,0.008823529411764706,0.008823529411764706,0.011764705882352941,0.0,0.5676470588235294,11,0.39520761245674735,8,0.44852942
2025,ARI,0.031007751937984496,0.5910852713178295,0.37790697674418605,0.4931569617210505,0.622093023255814,0.4573643410852713,0.35658914728682173,0.1511627906976744,0.001937984496124031,0.027131782945736434,0.0,0.0,0.001937984496124031,0.4573643410852713,11,0.3599468180998738,4,0.37984496
2025,ATL,0.3480314960629921,0.4393700787401575,0.2125984251968504,0.3593700787401574,0.7874015748031495,0.3921259842519685,0.4204724409448819,0.06299212598425197,0.11811023622047244,0.0,0.0,0.006299212598425197,0.0,0.4204724409448819,12,0.34851757703515407,4,0.44968554
2025,BAL,0.07272727272727272,0.5654545454545454,0.3618181818181818,0.4559404958677685,0.6381818181818182,0.4890909090909091,0.4509090909090909,0.04727272727272727,0.01090909090909091,0.0018181818181818182,0.0,0.0,0.0,0.4890909090909091,11,0.44488595041322315,4,0.5290909
2025,BUF,0.019548872180451128,0.5022556390977444,0.4781954887218045,0.48131381084289676,0.5218045112781955,0.6902255639097744,0.21654135338345865,0.061654135338345864,0.016541353383458645,0.0,0.0015037593984962407,0.006015037593984963,0.006015037593984963,0.6902255639097744,11,0.5274532195149527,4,0.484985
2025,CAR,0.0947867298578199,0.5308056872037915,0.3744075829383886,0.43092023988679506,0.6255924170616114,0.617693522906793,0.23064770932069512,0.0995260663507109,0.022116903633491312,0.004739336492890996,0.009478672985781991,0.01263823064770932,0.0,0.617693522906793,11,0.44542026359595593,6,0.47791797
2025,CHI,0.02309782608695652,0.44972826086956524,0.5271739130434783,0.48070135278827986,0.4728260869565218,0.5108695652173914,0.33967391304347827,0.11277173913043478,0.0,0.002717391304347826,0.02309782608695652,0.0,0.009510869565217392,0.5108695652173914,11,0.3897167414933838,5,0.48097825
2025,CIN,0.03633217993079585,0.7577854671280276,0.20588235294117646,0.617946384741562,0.7941176470588235,0.6280276816608996,0.3166089965397924,0.005190311418685121,0.02768166089965398,0.005190311418685121,0.0034602076124567475,0.0034602076124567475,0.0034602076124567475,0.6280276816608996,11,0.495546030339675,3,0.36851212
2025,CLE,0.028021015761821366,0.5674255691768827,0.404553415061296,0.4864204195177908,0.5954465849387041,0.425569176882662,0.4921190893169877,0.050788091068301226,0.021015761821366025,0.0035026269702276708,0.0,0.0035026269702276708,0.0035026269702276708,0.4921190893169877,12,0.4263482200091399,4,0.48861647
2025,DAL,0.02527646129541864,0.5624012638230648,0.41232227488151657,0.48694373940886815,0.5876777251184834,0.6808846761453397,0.20537124802527645,0.020537124802527645,0.0,0.00631911532385466,0.07740916271721959,0.0,0.007898894154818325,0.6808846761453397,11,0.5123000631412392,4,0.42992127
2025,DEN,0.05138339920948617,0.5994729907773386,0.34914361001317523,0.4839093807988807,0.6508563899868248,0.6851119894598156,0.20948616600790515,0.03293807641633729,0.005270092226613966,0.015810276679841896,0.04743083003952569,0.0,0.0013175230566534915,0.6851119894598156,11,0.516883910422319,5,0.40460947
2025,DET,0.005084745762711864,0.4542372881355932,0.5406779661016949,0.49869003160011494,0.45932203389830506,0.5576271186440678,0.31864406779661014,0.04067796610169491,0.04067796610169491,0.015254237288135594,0.0,0.0,0.0,0.5576271186440678,11,0.4167595518529158,6,0.45254236
2025,GB,0.06962962962962962,0.5392592592592592,0.39111111111111113,0.4486167352537722,0.6088888888888888,0.5940740740740741,0.33925925925925926,0.013333333333333334,0.04296296296296296,0.01037037037037037,0.0,0.0,0.0,0.5940740740740741,11,0.47015198902606314,5,0.4859259
2025,HOU,0.0,0.6034236804564908,0.39657631954350925,0.5213929153583327,0.6034236804564908,0.7475035663338089,0.1340941512125535,0.008559201141226819,0.018544935805991442,0.05420827389443652,0.017118402282453638,0.0042796005706134095,0.0042796005706134095,0.7475035663338089,11,0.5805299541514976,7,0.43527737
2025,IND,0.0448,0.6736,0.2816,0.53504256,0.7183999999999999,0.6128,0.2848,0.0928,0.008,0.0,0.0,0.0,0.0016,0.6128,11,0.46531327999999994,3,0.4417863
2025,JAX,0.029900332225913623,0.5863787375415282,0.38372093023255816,0.4919758060065562,0.6162790697674418,0.6843853820598007,0.25083056478405313,0.011627906976744186,0.03820598006644518,0.014950166112956811,0.0,0.0,0.0,0.6843853820598007,11,0.5331177360073289,5,0.43189368
2025,KC,0.03479576399394856,0.7473524962178517,0.2178517397881997,0.607205879323722,0.7821482602118003,0.5552193645990923,0.2980332829046899,0.08169440242057488,0.05446293494704992,0.0015128593040847202,0.0,0.0030257186081694403,0.0015128593040847202,0.5552193645990923,11,0.40676689836377744,4,0.42813918
2025,LA,0.001336898395721925,0.39572192513368987,0.6029411764705882,0.5201356916125711,0.3970588235294118,0.6136363636363636,0.08823529411764706,0.2967914438502674,0.0,0.001336898395721925,0.0,0.0,0.0,0.6136363636363636,11,0.4724220023449341,3,0.39037433
2025,LAC,0.04145936981757877,0.6318407960199005,0.32669983416252074,0.5076744525025508,0.6733001658374793,0.7479270315091211,0.0912106135986733,0.02155887230514096,0.0,0.1310116086235489,0.008291873963515755,0.0,0.0,0.7479270315091211,11,0.5854118022381184,4,0.4278607
2025,LV,0.04150943396226415,0.5452830188679245,0.41320754716981134,0.46979708081167676,0.5867924528301887,0.5132075471698113,0.4,0.07924528301886792,0.005660377358490566,0.0,0.0,0.0,0.0018867924528301887,0.5132075471698113,11,0.4296974012103952,3,0.43396226
2025,MIA,0.2018348623853211,0.49311926605504586,0.30504587155963303,0.3769569059843447,0.694954128440367,0.5871559633027523,0.1628440366972477,0.0,0.08027522935779817,0.09174311926605505,0.016055045871559634,0.03211009174311927,0.006880733944954129,0.5871559633027523,11,0.3879934348960526,7,0.4678899
2025,MIN,0.00927643784786642,0.4897959183673469,0.5009276437847866,0.4909145982562362,0.49907235621521334,0.614100185528757,0.2820037105751391,0.03153988868274583,0.0074211502782931356,0.0,0.06493506493506493,0.0,0.0,0.614100185528757,11,0.46191153135229474,4,0.46567717
2025,NE,0.0013869625520110957,0.5617198335644937,0.4368932038834951,0.5064067666844285,0.5631067961165048,0.6352288488210819,0.2843273231622746,0.0,0.059639389736477116,0.015256588072122053,0.0,0.005547850208044383,0.0,0.6352288488210819,11,0.48817811600085415,4,0.4384509
2025,NO,0.03993344425956739,0.7004991680532446,0.259567387687188,0.5596689931644708,0.740432612312812,0.7054908485856906,0.1896838602329451,0.03993344425956739,0.0066555740432612314,0.0033277870216306157,0.014975041597337771,0.0033277870216306157,0.014975041597337771,0.7054908485856906,11,0.5362748165149046,6,0.46422628
2025,NYG,0.07820299500831947,0.6505823627287853,0.27121464226289516,0.5029305012998303,0.7287853577371048,0.5091514143094842,0.4259567387687188,0.051580698835274545,0.0066555740432612314,0.0,0.0033277870216306157,0.0016638935108153079,0.0016638935108153079,0.5091514143094842,11,0.4433957824037032,3,0.5
2025,NYJ,0.05191873589164785,0.6117381489841986,0.3363431151241535,0.4900458091506199,0.6636568848758465,0.6772009029345373,0.3002257336343115,0.004514672686230248,0.013544018058690745,0.0,0.0,0.004514672686230248,0.0,0.6772009029345373,11,0.5489607590357148,3,0.5688487
2025,PHI,0.06451612903225806,0.7035330261136713,0.23195084485407066,0.5529222441664838,0.7680491551459294,0.631336405529954,0.2964669738863287,0.05222734254992319,0.009216589861751152,0.0,0.0015360983102918587,0.0030721966205837174,0.0,0.631336405529954,11,0.48932635836158955,4,0.47619048
2025,PIT,0.024390243902439025,0.6234756097560976,0.3521341463414634,0.5133151769779893,0.6478658536585367,0.4817073170731707,0.3307926829268293,0.13567073170731708,0.03201219512195122,0.004573170731707317,0.0,0.010670731707317074,0.001524390243902439,0.4817073170731707,11,0.36103881618084466,5,0.4192073
2025,SEA,0.035897435897435895,0.40683760683760684,0.5572649572649573,0.47734969683687634,0.4427350427350427,0.4683760683760684,0.37948717948717947,0.044444444444444446,0.042735042735042736,0.003418803418803419,0.010256410256410256,0.02905982905982906,0.022222222222222223,0.4683760683760684,11,0.36864343633574403,7,0.4761092
2025,SF,0.026397515527950312,0.4891304347826087,0.484472049689441,0.47465857798696043,0.515527950310559,0.8229813664596274,0.16614906832298137,0.007763975155279503,0.003105590062111801,0.0,0.0,0.0,0.0,0.8229813664596274,11,0.7049737664441961,2,0.44875777
2025,TB,0.0426179604261796,0.5692541856925418,0.3881278538812785,0.47650984943785335,0.6118721461187214,0.6575342465753424,0.2359208523592085,0.0273972602739726,0.060882800608828,0.015220700152207,0.0,0.0030441400304414,0.0,0.6575342465753424,11,0.492708195779441,5,0.4870624
2025,TEN,0.02575107296137339,0.6115879828326181,0.3626609442060086,0.5062259389563264,0.6373390557939914,0.6330472103004292,0.3133047210300429,0.01072961373390558,0.04291845493562232,0.0,0.0,0.0,0.0,0.6330472103004292,11,0.5008657370738088,3,0.45922747
2025,WAS,0.19696969696969696,0.6553030303030303,0.14772727272727273,0.49004247015610647,0.8522727272727273,0.5606060606060606,0.3409090909090909,0.041666666666666664,0.020833333333333332,0.013257575757575758,0.00946969696969697,0.003787878787878788,0.005681818181818182,0.5606060606060606,11,0.4329875459136822,5,0.51704544
