season,team,n_plays,proe_early,under_center,pistol,pers_11,multi_te,two_back,extra_ol,personnel_entropy,empty_backfield,motion,no_huddle,rpo,qb_design_run,outside_run,n_dropbacks,play_action,screen,qb_out_of_pocket,time_to_throw,n_targets,adot,deep_rate,middle_target,rb_target_share,te_target_share
2022,ARI,618,0.013622878052120249,0.11237785016286644,0.07654723127035831,0.5970873786407767,0.3333333333333333,0.0372168284789644,0.009708737864077669,1.4779656922276367,0.11831442463533225,0.34359805510534847,0.34359805510534847,0.08265802269043761,0.05834683954619125,0.3961352657004831,373,0.19571045576407506,0.12332439678284182,0.12332439678284182,2.435,327,6.492354740061162,0.10397553516819572,0.1743119266055046,0.14678899082568808,0.1743119266055046
2022,ATL,594,-0.12965007429989447,0.2542087542087542,0.29124579124579125,0.30976430976430974,0.44276094276094274,0.3501683501683502,0.003367003367003367,2.2192225167797615,0.06060606060606061,0.5218855218855218,0.1414141414141414,0.05387205387205387,0.04208754208754209,0.7889273356401384,276,0.42028985507246375,0.10144927536231885,0.2572463768115942,2.836,236,9.466101694915254,0.1694915254237288,0.2330508474576271,0.1652542372881356,0.3008474576271186
2022,BAL,632,-0.0032823539523746826,0.11428571428571428,0.26825396825396824,0.12183544303797468,0.5743670886075949,0.6408227848101266,0.004746835443037975,2.2257046585435734,0.12025316455696203,0.5189873417721519,0.0379746835443038,0.05063291139240506,0.0759493670886076,0.5022026431718062,353,0.26912181303116145,0.06515580736543909,0.2096317280453258,2.602,288,8.3125,0.13194444444444445,0.2569444444444444,0.13541666666666666,0.3958333333333333
2022,BUF,632,0.06911192050883694,0.2770700636942675,0.0015923566878980893,0.689873417721519,0.07753164556962025,0.22784810126582278,0.07278481012658228,1.3153895610532162,0.08412698412698413,0.4015873015873016,0.0873015873015873,0.044444444444444446,0.044444444444444446,0.483695652173913,411,0.23114355231143552,0.05596107055961071,0.1678832116788321,2.6695,348,8.35919540229885,0.12931034482758622,0.1724137931034483,0.23850574712643677,0.1235632183908046
2022,CAR,533,-0.07503381656373248,0.504708097928437,0.011299435028248588,0.6622889305816135,0.30206378986866794,0.0300187617260788,0.075046904315197,1.4029410822615611,0.047080979284369114,0.3747645951035782,0.05084745762711865,0.04519774011299435,0.01694915254237288,0.40725806451612906,269,0.3382899628252788,0.16356877323420074,0.1970260223048327,2.635,242,6.966942148760331,0.11570247933884298,0.128099173553719,0.128099173553719,0.19421487603305784
2022,CHI,608,-0.11327205394577776,0.3669421487603306,0.001652892561983471,0.5493421052631579,0.2565789473684211,0.22203947368421054,0.004934210526315789,1.7477397347950454,0.07603305785123966,0.43140495867768597,0.03636363636363636,0.03801652892561983,0.08925619834710743,0.5685483870967742,295,0.28135593220338984,0.14576271186440679,0.2847457627118644,2.736,215,8.0,0.13488372093023257,0.16744186046511628,0.16744186046511628,0.24186046511627907
2022,CIN,538,0.11054433406371893,0.150093808630394,0.001876172607879925,0.8940520446096655,0.08921933085501858,0.0018587360594795538,0.022304832713754646,0.6099349691875675,0.1254681647940075,0.2340823970037453,0.020599250936329586,0.07116104868913857,0.00749063670411985,0.4025974025974026,371,0.14016172506738545,0.06199460916442048,0.1078167115902965,2.382,323,6.904024767801857,0.0804953560371517,0.2260061919504644,0.24148606811145512,0.15789473684210525
2022,CLE,645,-0.05851706522967546,0.4572317262830482,0.013996889580093312,0.5426356589147286,0.35968992248062015,0.11472868217054263,0.11937984496124031,1.786601418951006,0.10714285714285714,0.4192546583850932,0.09161490683229814,0.031055900621118012,0.017080745341614908,0.6285714285714286,342,0.24269005847953215,0.07017543859649122,0.20175438596491227,2.769,299,7.374581939799331,0.11036789297658862,0.18729096989966554,0.15384615384615385,0.3076923076923077
2022,DAL,664,-0.07446021714713424,0.4621212121212121,0.021212121212121213,0.6159638554216867,0.34186746987951805,0.04969879518072289,0.030120481927710843,1.6478620623936298,0.060240963855421686,0.41566265060240964,0.14156626506024098,0.03463855421686747,0.010542168674698794,0.521594684385382,346,0.2976878612716763,0.08092485549132948,0.15895953757225434,2.669,308,7.324675324675325,0.09740259740259741,0.2435064935064935,0.1590909090909091,0.22402597402597402
2022,DEN,740,-0.0364806887502201,0.3986394557823129,0.013605442176870748,0.49864864864864866,0.46621621621621623,0.03513513513513514,0.002702702702702703,1.519152146120981,0.05142083897158322,0.34370771312584575,0.04871447902571042,0.05953991880920163,0.013531799729364006,0.45819397993311034,422,0.22274881516587677,0.0971563981042654,0.17298578199052134,2.736,353,7.747875354107649,0.1388101983002833,0.21529745042492918,0.24645892351274787,0.19830028328611898
2022,DET,575,-0.023228147171081334,0.5017543859649123,0.010526315789473684,0.6,0.25217391304347825,0.10608695652173913,0.09739130434782609,1.8266882608699397,0.06968641114982578,0.48606271777003485,0.03484320557491289,0.027874564459930314,0.003484320557491289,0.5511811023622047,316,0.310126582278481,0.12341772151898735,0.12974683544303797,2.636,293,6.170648464163823,0.08532423208191127,0.18088737201365188,0.19795221843003413,0.15699658703071673
2022,GB,586,-0.02696635794982446,0.3259005145797599,0.005145797598627788,0.5204778156996587,0.3515358361774744,0.11945392491467577,0.0017064846416382253,1.5920458276947853,0.08034188034188035,0.4376068376068376,0.015384615384615385,0.08205128205128205,0.0017094017094017094,0.5975609756097561,335,0.3074626865671642,0.10149253731343283,0.13134328358208955,2.4435000000000002,298,7.318791946308725,0.13087248322147652,0.2550335570469799,0.24161073825503357,0.1476510067114094
2022,HOU,619,-0.0408434222878541,0.4538087520259319,0.01620745542949757,0.4620355411954766,0.38287560581583197,0.1938610662358643,0.033925686591276254,2.1216954123385547,0.06785137318255251,0.3554119547657512,0.05654281098546042,0.024232633279483037,0.025848142164781908,0.45692883895131087,332,0.3042168674698795,0.12048192771084337,0.14457831325301204,2.536,298,7.214765100671141,0.09731543624161074,0.15436241610738255,0.17114093959731544,0.2684563758389262
2022,IND,627,-0.05484780374906663,0.28892455858747995,0.0,0.7464114832535885,0.2025518341307815,0.06060606060606061,0.03189792663476874,1.1467526614794357,0.052969502407704656,0.29373996789727125,0.12841091492776885,0.0593900481540931,0.009630818619582664,0.4122137404580153,349,0.2177650429799427,0.06876790830945559,0.10315186246418338,2.536,298,5.966442953020135,0.06711409395973154,0.25838926174496646,0.22483221476510068,0.16778523489932887
2022,JAX,600,-0.004616523645025619,0.27563025210084036,0.008403361344537815,0.6283333333333333,0.335,0.02666666666666667,0.01,1.4580145974411785,0.06700167504187604,0.4623115577889447,0.06030150753768844,0.06197654941373534,0.023450586264656615,0.5236051502145923,341,0.2404692082111437,0.12316715542521994,0.1495601173020528,2.4524999999999997,312,6.573717948717949,0.07371794871794872,0.20512820512820512,0.11858974358974358,0.2403846153846154
2022,KC,649,0.12051862345108967,0.19284603421461896,0.00933125972006221,0.5454545454545454,0.41602465331278893,0.04314329738058552,0.01386748844375963,1.6058310292552869,0.06491499227202473,0.49768160741885625,0.0030911901081916537,0.13601236476043277,0.00463678516228748,0.5024875621890548,442,0.18778280542986425,0.11312217194570136,0.21945701357466063,2.651,399,7.0701754385964914,0.08521303258145363,0.18546365914786966,0.15789473684210525,0.3258145363408521
2022,LA,554,-0.018822556485732396,0.5451263537906137,0.0,0.924187725631769,0.05595667870036101,0.0,0.0036101083032490976,0.4588696632136887,0.09025270758122744,0.48375451263537905,0.0631768953068592,0.0631768953068592,0.02527075812274368,0.5339366515837104,318,0.3522012578616352,0.12264150943396226,0.22327044025157233,2.836,267,7.310861423220974,0.11610486891385768,0.1647940074906367,0.10861423220973783,0.21348314606741572
2022,LAC,700,0.0688098542364349,0.38450502152080346,0.01291248206599713,0.6371428571428571,0.2842857142857143,0.10571428571428572,0.015714285714285715,1.5343120364838634,0.05142857142857143,0.38285714285714284,0.06428571428571428,0.05714285714285714,0.002857142857142857,0.5299145299145299,455,0.33186813186813185,0.1010989010989011,0.17582417582417584,2.703,414,6.01207729468599,0.07729468599033816,0.14009661835748793,0.24879227053140096,0.17391304347826086
2022,LV,644,-0.04247851513709004,0.5295950155763239,0.001557632398753894,0.6009316770186336,0.10869565217391304,0.3245341614906832,0.08229813664596274,1.5903732021811388,0.04361370716510903,0.3940809968847352,0.0264797507788162,0.014018691588785047,0.003115264797507788,0.3763837638376384,365,0.27123287671232876,0.08493150684931507,0.12876712328767123,2.77,323,8.724458204334365,0.12074303405572756,0.2848297213622291,0.21052631578947367,0.17337461300309598
2022,MIA,605,-0.009045781025403663,0.3640939597315436,0.028523489932885907,0.3933884297520661,0.1206611570247934,0.4677685950413223,0.0,1.9543581823083072,0.11589403973509933,0.6887417218543046,0.023178807947019868,0.06622516556291391,0.004966887417218543,0.5084033613445378,363,0.349862258953168,0.05785123966942149,0.13774104683195593,2.503,323,9.024767801857585,0.1393188854489164,0.25696594427244585,0.17337461300309598,0.1238390092879257
2022,MIN,581,0.013275575842667049,0.5261324041811847,0.0017421602787456446,0.6901893287435457,0.18932874354561102,0.16351118760757316,0.0051635111876075735,1.3380307139714074,0.0981067125645439,0.4010327022375215,0.153184165232358,0.03270223752151463,0.0034423407917383822,0.5311004784688995,368,0.3451086956521739,0.08967391304347826,0.13043478260869565,2.836,339,7.091445427728614,0.07964601769911504,0.18584070796460178,0.10619469026548672,0.25663716814159293
2022,NE,611,-0.008035162172138318,0.3530377668308703,0.0049261083743842365,0.7643207855973814,0.20949263502454993,0.024549918166939442,0.0425531914893617,1.0019633088824047,0.060755336617405585,0.41379310344827586,0.034482758620689655,0.041050903119868636,0.0049261083743842365,0.35655737704918034,358,0.20670391061452514,0.12569832402234637,0.09776536312849161,2.536,308,6.318181818181818,0.1038961038961039,0.2077922077922078,0.23376623376623376,0.19480519480519481
2022,NO,556,-0.11325834365452037,0.42418772563176893,0.01444043321299639,0.4226618705035971,0.4856115107913669,0.12050359712230216,0.08812949640287769,2.0790772441702354,0.0631768953068592,0.34296028880866425,0.009025270758122744,0.02888086642599278,0.005415162454873646,0.4548736462093863,272,0.19852941176470587,0.05514705882352941,0.1323529411764706,2.536,242,8.446280991735538,0.10743801652892562,0.19008264462809918,0.19834710743801653,0.256198347107438
2022,NYG,617,-0.032657164028010416,0.40456769983686786,0.011419249592169658,0.6191247974068071,0.2965964343598055,0.06807131280388978,0.06158833063209076,1.6206680720744302,0.04707792207792208,0.349025974025974,0.15422077922077923,0.06818181818181818,0.037337662337662336,0.4870689655172414,355,0.28732394366197184,0.0676056338028169,0.27323943661971833,2.77,285,6.4035087719298245,0.05964912280701754,0.22456140350877193,0.21754385964912282,0.15087719298245614
2022,NYJ,619,-0.03130367733298839,0.36437908496732024,0.0,0.5654281098546042,0.3877221324717286,0.06462035541195477,0.004846526655896607,1.5514364324317966,0.11308562197092084,0.568659127625202,0.030694668820678513,0.051696284329563816,0.004846526655896607,0.5224489795918368,367,0.22070844686648503,0.08991825613079019,0.1553133514986376,2.6085000000000003,323,7.724458204334366,0.10835913312693499,0.19504643962848298,0.18575851393188855,0.17647058823529413
2022,PHI,589,0.048548797273944164,0.10034013605442177,0.03741496598639456,0.7555178268251274,0.23429541595925296,0.006791171477079796,0.003395585738539898,1.0753960311185653,0.100169779286927,0.21392190152801357,0.23429541595925296,0.13582342954159593,0.06281833616298811,0.5027624309392266,355,0.2,0.12112676056338029,0.2112676056338028,2.53,302,8.43046357615894,0.11920529801324503,0.19536423841059603,0.10596026490066225,0.18211920529801323
2022,PIT,720,-0.06747228842208441,0.3450210378681627,0.0182328190743338,0.6888888888888889,0.26944444444444443,0.07083333333333333,0.018055555555555554,1.3169942225189697,0.06406685236768803,0.3983286908077994,0.0988857938718663,0.0584958217270195,0.009749303621169917,0.47896440129449835,391,0.17135549872122763,0.07161125319693094,0.22762148337595908,2.653,343,7.399416909620991,0.10204081632653061,0.1924198250728863,0.19533527696793002,0.20699708454810495
2022,SEA,613,0.05192395553146441,0.33825944170771755,0.08210180623973727,0.4600326264274062,0.4910277324632953,0.057096247960848286,0.013050570962479609,1.7139365427491673,0.10457516339869281,0.3006535947712418,0.16013071895424835,0.04411764705882353,0.0196078431372549,0.45714285714285713,386,0.27461139896373055,0.06217616580310881,0.19170984455958548,2.686,334,7.188622754491018,0.08982035928143713,0.2275449101796407,0.12574850299401197,0.2694610778443114
2022,SF,549,-0.05217672229767937,0.36380255941499084,0.056672760511883,0.3843351548269581,0.24408014571949,0.4116575591985428,0.0,1.7879898080309888,0.10018214936247723,0.5610200364298725,0.012750455373406194,0.04735883424408015,0.014571948998178506,0.5063829787234042,300,0.23,0.12666666666666668,0.11,2.669,274,7.029197080291971,0.10948905109489052,0.2664233576642336,0.24087591240875914,0.21532846715328466
2022,TB,641,0.014473315908527766,0.3742138364779874,0.0110062893081761,0.6661466458658346,0.2714508580343214,0.0265210608424337,0.029641185647425898,1.4607814126251895,0.0515625,0.471875,0.0765625,0.0234375,0.003125,0.43983402489626555,395,0.18227848101265823,0.14177215189873418,0.02278481012658228,2.403,377,6.713527851458886,0.10610079575596817,0.2440318302387268,0.1962864721485411,0.13793103448275862
2022,TEN,581,-0.10795324100223602,0.47586206896551725,0.02586206896551724,0.4905335628227194,0.4509466437177281,0.07056798623063683,0.022375215146299483,1.8540836919711692,0.07401032702237521,0.38209982788296043,0.03614457831325301,0.01549053356282272,0.027538726333907058,0.5190839694656488,299,0.3076923076923077,0.10702341137123746,0.13043478260869565,2.703,254,7.665354330708661,0.08661417322834646,0.2125984251968504,0.18503937007874016,0.2795275590551181
2022,WAS,652,-0.12305536610573588,0.3312788906009245,0.03543913713405239,0.6411042944785276,0.3374233128834356,0.007668711656441718,0.0,1.319691591673782,0.09523809523809523,0.5314900153609831,0.05222734254992319,0.10906298003072197,0.009216589861751152,0.5828220858895705,318,0.2672955974842767,0.09748427672955975,0.13836477987421383,2.67,268,7.914179104477612,0.1417910447761194,0.2873134328358209,0.208955223880597,0.17164179104477612
2023,ARI,565,-0.07248054203241383,0.3410301953818828,0.007104795737122558,0.5610619469026549,0.41061946902654867,0.0,0.0035398230088495575,1.5981835398885664,0.06902654867256637,0.40530973451327434,0.05663716814159292,0.05486725663716814,0.05663716814159292,0.5152838427947598,295,0.3050847457627119,0.12203389830508475,0.16271186440677965,2.4,259,6.505791505791506,0.0888030888030888,0.22393822393822393,0.11969111969111969,0.3552123552123552
2023,ATL,692,-0.08157087695375781,0.2460202604920405,0.28075253256150506,0.16907514450867053,0.5708092485549133,0.38872832369942195,0.004335260115606936,2.339340615647983,0.07947976878612717,0.5910404624277457,0.06936416184971098,0.028901734104046242,0.023121387283236993,0.7941176470588235,365,0.32054794520547947,0.10136986301369863,0.1863013698630137,2.55,307,8.50814332247557,0.13680781758957655,0.19543973941368079,0.247557003257329,0.33876221498371334
2023,BAL,585,0.03637975310435111,0.13550600343053174,0.060034305317324184,0.4700854700854701,0.1641025641025641,0.39829059829059826,0.010256410256410256,1.944507623693874,0.04957264957264957,0.49230769230769234,0.07692307692307693,0.04957264957264957,0.06495726495726496,0.4712041884816754,354,0.23163841807909605,0.09887005649717515,0.2344632768361582,2.44,290,7.917241379310345,0.1103448275862069,0.24482758620689654,0.18275862068965518,0.18620689655172415
2023,BUF,653,0.013210870657022502,0.25306748466257667,0.0015337423312883436,0.663093415007657,0.23736600306278713,0.07503828483920368,0.08575803981623277,1.5256531110088645,0.09800918836140889,0.45329249617151607,0.11026033690658499,0.09647779479326186,0.030627871362940276,0.3593073593073593,392,0.22448979591836735,0.07397959183673469,0.2372448979591837,2.5,339,8.312684365781712,0.12684365781710916,0.168141592920354,0.12979351032448377,0.26548672566371684
2023,CAR,606,-0.07495544208420647,0.2251655629139073,0.09768211920529801,0.8366336633663366,0.13696369636963696,0.006600660066006601,0.00825082508250825,0.8371386640290795,0.06435643564356436,0.400990099009901,0.057755775577557754,0.06435643564356436,0.0016501650165016502,0.44528301886792454,338,0.19230769230769232,0.08875739644970414,0.20710059171597633,2.4,277,7.093862815884476,0.08664259927797834,0.19855595667870035,0.12274368231046931,0.17328519855595667
2023,CHI,532,-0.0477750326075205,0.2528301886792453,0.09433962264150944,0.5225563909774437,0.34774436090225563,0.14661654135338345,0.0018796992481203006,1.7355379728892308,0.045112781954887216,0.5338345864661654,0.04887218045112782,0.06578947368421052,0.06578947368421052,0.583756345177665,295,0.3016949152542373,0.12203389830508475,0.288135593220339,2.8,237,7.29957805907173,0.11392405063291139,0.1518987341772152,0.18143459915611815,0.22784810126582278
2023,CIN,603,0.10689881431322441,0.135,0.008333333333333333,0.7230514096185738,0.22553897180762852,0.006633499170812604,0.028192371475953566,1.3443835750113005,0.09950248756218906,0.42454394693200664,0.02155887230514096,0.13266998341625208,0.001658374792703151,0.3689839572192513,411,0.2116788321167883,0.1411192214111922,0.1411192214111922,2.2,360,5.663888888888889,0.06944444444444445,0.16111111111111112,0.15555555555555556,0.18888888888888888
2023,CLE,629,-0.009266005533257711,0.3466453674121406,0.019169329073482427,0.7042925278219396,0.24960254372019078,0.001589825119236884,0.11605723370429252,1.3581424836563123,0.10969793322734499,0.44992050874403816,0.05087440381558029,0.02702702702702703,0.017488076311605722,0.5224489795918368,368,0.2554347826086957,0.09239130434782608,0.19293478260869565,2.4,321,8.161993769470405,0.11838006230529595,0.16510903426791276,0.16510903426791276,0.30218068535825543
2023,DAL,535,0.03244232799080636,0.3644859813084112,0.005607476635514018,0.6261682242990654,0.22429906542056074,0.11588785046728972,0.007476635514018692,1.9775167739794282,0.102803738317757,0.4766355140186916,0.018691588785046728,0.052336448598130844,0.011214953271028037,0.5268817204301075,337,0.28486646884273,0.08902077151335312,0.2195845697329377,2.41,293,7.7815699658703075,0.09897610921501707,0.18088737201365188,0.17064846416382254,0.18771331058020477
2023,DEN,490,-0.038170612047589016,0.44693877551020406,0.0020408163265306124,0.5204081632653061,0.3183673469387755,0.15918367346938775,0.05918367346938776,1.7984434409767167,0.07755102040816327,0.37142857142857144,0.08163265306122448,0.05510204081632653,0.00816326530612245,0.5756097560975609,272,0.22426470588235295,0.15073529411764705,0.20588235294117646,2.5,220,5.609090909090909,0.11818181818181818,0.1409090909090909,0.33636363636363636,0.11363636363636363
2023,DET,545,-0.04627231258969262,0.4622467771639042,0.007366482504604052,0.5834862385321101,0.344954128440367,0.06422018348623854,0.04954128440366973,1.596663496820323,0.06788990825688074,0.5174311926605505,0.029357798165137616,0.025688073394495414,0.003669724770642202,0.5867768595041323,299,0.26421404682274247,0.07357859531772576,0.08695652173913043,2.4,278,7.406474820143885,0.08992805755395683,0.2302158273381295,0.1366906474820144,0.2302158273381295
2023,GB,594,-0.02049411083358565,0.32148900169204736,0.04230118443316413,0.5555555555555556,0.41245791245791247,0.030303030303030304,0.015151515151515152,1.3409432724326167,0.07575757575757576,0.6279461279461279,0.04882154882154882,0.05387205387205387,0.005050505050505051,0.4838709677419355,339,0.2920353982300885,0.10914454277286136,0.14749262536873156,2.5,308,8.00974025974026,0.12987012987012986,0.2012987012987013,0.16883116883116883,0.2012987012987013
2023,HOU,595,-0.046905502807389726,0.4336134453781513,0.021848739495798318,0.5260504201680672,0.1815126050420168,0.33277310924369746,0.011764705882352941,1.8380451527248973,0.06554621848739496,0.5210084033613446,0.05546218487394958,0.021848739495798318,0.005042016806722689,0.4939759036144578,337,0.29080118694362017,0.08011869436201781,0.2344213649851632,2.5,293,8.784982935153584,0.10921501706484642,0.2764505119453925,0.12286689419795221,0.20477815699658702
2023,IND,644,-0.012007751118163674,0.09813084112149532,0.06542056074766354,0.7624223602484472,0.2236024844720497,0.007763975155279503,0.009316770186335404,0.9507336776285964,0.055900621118012424,0.4813664596273292,0.17857142857142858,0.19099378881987578,0.020186335403726708,0.38372093023255816,370,0.2594594594594595,0.11351351351351352,0.17567567567567569,2.3,327,6.871559633027523,0.10703363914373089,0.21712538226299694,0.1559633027522936,0.21100917431192662
2023,JAX,581,0.0167611195084261,0.2003454231433506,0.05008635578583765,0.6316695352839932,0.3614457831325301,0.013769363166953529,0.03442340791738382,1.3095535722500964,0.05163511187607573,0.44922547332185886,0.039586919104991396,0.0757314974182444,0.010327022375215147,0.4155251141552511,348,0.2442528735632184,0.13505747126436782,0.15804597701149425,2.2,303,7.396039603960396,0.11551155115511551,0.1353135313531353,0.1353135313531353,0.2508250825082508
2023,KC,625,0.06723363013291846,0.17495987158908508,0.02086677367576244,0.6272,0.3584,0.0,0.0048,1.329505856707798,0.0544,0.6144,0.0128,0.072,0.0064,0.5242718446601942,413,0.1937046004842615,0.14043583535108958,0.21307506053268765,2.5,356,6.269662921348314,0.08707865168539326,0.18258426966292135,0.16292134831460675,0.27247191011235955
2023,LA,605,0.003012262888856836,0.3956953642384106,0.06788079470198675,0.9586776859504132,0.04132231404958678,0.0,0.0,0.24832244463628722,0.07933884297520662,0.7057851239669422,0.09752066115702479,0.024793388429752067,0.0049586776859504135,0.46938775510204084,356,0.19382022471910113,0.10112359550561797,0.11797752808988764,2.4,317,7.003154574132492,0.0914826498422713,0.2113564668769716,0.13564668769716087,0.15141955835962145
2023,LAC,700,0.03305192803269002,0.20142857142857143,0.06857142857142857,0.6642857142857143,0.31857142857142856,0.0014285714285714286,0.02142857142857143,1.2604748395626268,0.05857142857142857,0.58,0.15,0.07428571428571429,0.017142857142857144,0.48148148148148145,439,0.24145785876993167,0.10022779043280182,0.19134396355353075,2.5,379,7.08179419525066,0.11345646437994723,0.18997361477572558,0.1503957783641161,0.21635883905013192
2023,LV,529,-0.028840841864472003,0.509469696969697,0.001893939393939394,0.6124763705103969,0.20226843100189035,0.19281663516068054,0.07372400756143667,1.6022050904931773,0.05860113421550094,0.5633270321361059,0.03969754253308128,0.017013232514177693,0.003780718336483932,0.42452830188679247,303,0.24752475247524752,0.1254125412541254,0.08250825082508251,2.4,270,7.074074074074074,0.0962962962962963,0.21481481481481482,0.16666666666666666,0.13333333333333333
2023,MIA,508,0.015150573178388105,0.1814595660749507,0.14990138067061143,0.3661417322834646,0.08464566929133858,0.5295275590551181,0.0,1.57244990839918,0.14566929133858267,0.8090551181102362,0.023622047244094488,0.04921259842519685,0.007874015748031496,0.6538461538461539,322,0.27639751552795033,0.13975155279503104,0.14596273291925466,2.1500000000000004,297,7.771043771043771,0.11447811447811448,0.20202020202020202,0.2255892255892256,0.08754208754208755
2023,MIN,646,0.004740154228536001,0.5116640746500778,0.007776049766718507,0.6052631578947368,0.30959752321981426,0.09752321981424149,0.0,1.5296713538539712,0.05263157894736842,0.4891640866873065,0.11455108359133127,0.03715170278637771,0.007739938080495356,0.5502183406113537,401,0.36159600997506236,0.09476309226932668,0.15211970074812967,2.7,339,7.038348082595871,0.07669616519174041,0.2182890855457227,0.15634218289085547,0.30678466076696165
2023,NE,609,-0.003524430732951205,0.3667763157894737,0.006578947368421052,0.4663382594417077,0.5008210180623974,0.024630541871921183,0.0,1.6028060683410061,0.0722495894909688,0.5123152709359606,0.08702791461412152,0.0722495894909688,0.0016420361247947454,0.30327868852459017,359,0.18384401114206128,0.1615598885793872,0.11142061281337047,2.3,308,6.327922077922078,0.09740259740259741,0.18181818181818182,0.25,0.19480519480519481
2023,NO,598,-0.04058467453488937,0.4013377926421405,0.015050167224080268,0.5936454849498328,0.23244147157190637,0.06354515050167224,0.0802675585284281,1.824985505145328,0.04013377926421405,0.33444816053511706,0.04013377926421405,0.038461538461538464,0.0033444816053511705,0.44841269841269843,345,0.1681159420289855,0.08115942028985507,0.13333333333333333,2.4,313,7.23961661341853,0.10543130990415335,0.2012779552715655,0.2108626198083067,0.23003194888178913
2023,NYG,530,-0.002309925683582102,0.3143939393939394,0.005681818181818182,0.7132075471698113,0.2528301886792453,0.03018867924528302,0.06415094339622641,1.1659319385959874,0.07924528301886792,0.5113207547169811,0.09433962264150944,0.06415094339622641,0.03207547169811321,0.47715736040609136,310,0.23548387096774193,0.08387096774193549,0.2806451612903226,2.2,230,6.769565217391304,0.10434782608695652,0.11304347826086956,0.18695652173913044,0.1782608695652174
2023,NYJ,558,-0.05232425170490541,0.460573476702509,0.0017921146953405018,0.5483870967741935,0.34946236559139787,0.12903225806451613,0.012544802867383513,1.820376149997455,0.05555555555555555,0.3781362007168459,0.03046594982078853,0.035842293906810034,0.008960573476702509,0.4863636363636364,328,0.2621951219512195,0.10975609756097561,0.17073170731707318,2.4,280,6.057142857142857,0.06785714285714285,0.175,0.2571428571428571,0.17857142857142858
2023,PHI,653,0.04383597454701762,0.052307692307692305,0.03538461538461538,0.7350689127105666,0.1990811638591118,0.033690658499234305,0.0,1.1898000133843323,0.11944869831546708,0.2450229709035222,0.16232771822358347,0.0903522205206738,0.05666156202143951,0.3872549019607843,391,0.27621483375959077,0.13043478260869565,0.22506393861892582,2.5,333,8.18018018018018,0.12312312312312312,0.12012012012012012,0.18018018018018017,0.1831831831831832
2023,PIT,641,-0.0895665604583081,0.3442879499217527,0.02190923317683881,0.7098283931357254,0.27301092043681746,0.031201248049921998,0.015600624024960999,1.2849301639116089,0.060842433697347896,0.5210608424336973,0.0358814352574103,0.0717628705148206,0.0046801872074883,0.4788732394366197,338,0.19230769230769232,0.13609467455621302,0.23372781065088757,2.35,296,7.027027027027027,0.10810810810810811,0.15202702702702703,0.27702702702702703,0.10472972972972973
2023,SEA,649,0.009261506011303376,0.3281733746130031,0.05417956656346749,0.5670261941448382,0.3913713405238829,0.029275808936825885,0.0015408320493066256,1.642348810484796,0.1016949152542373,0.46841294298921415,0.11248073959938366,0.03852080123266564,0.0030816640986132513,0.39094650205761317,401,0.28428927680798005,0.12718204488778054,0.16458852867830423,2.4,355,6.391549295774648,0.09014084507042254,0.15211267605633802,0.14366197183098592,0.19436619718309858
2023,SF,486,0.006360869526262547,0.3711340206185567,0.05360824742268041,0.3374485596707819,0.22016460905349794,0.5082304526748971,0.0,1.7238631348685571,0.10082304526748971,0.7181069958847737,0.00823045267489712,0.024691358024691357,0.006172839506172839,0.542713567839196,276,0.2463768115942029,0.08695652173913043,0.18478260869565216,2.465,241,8.265560165975105,0.11618257261410789,0.2821576763485477,0.1908713692946058,0.21991701244813278
2023,TB,610,-0.021967426937972677,0.29042904290429045,0.066006600660066,0.6672131147540984,0.3163934426229508,0.011475409836065573,0.009836065573770493,1.161030892880356,0.10655737704918032,0.4557377049180328,0.04426229508196721,0.04590163934426229,0.009836065573770493,0.35443037974683544,363,0.29476584022038566,0.1046831955922865,0.1487603305785124,2.4,320,7.771875,0.128125,0.234375,0.178125,0.15
2023,TEN,634,-0.06027095606646587,0.41930379746835444,0.06962025316455696,0.5031545741324921,0.3722397476340694,0.10725552050473186,0.06309148264984227,1.8165790390330527,0.07097791798107256,0.37697160883280756,0.02996845425867508,0.03785488958990536,0.007886435331230283,0.4574468085106383,345,0.3188405797101449,0.1391304347826087,0.1565217391304348,2.4,293,8.61433447098976,0.15358361774744028,0.21160409556313994,0.24232081911262798,0.19112627986348124
2023,WAS,549,0.1004674628902884,0.19195612431444242,0.0,0.6757741347905283,0.2495446265938069,0.07103825136612021,0.0036429872495446266,1.3951551150186632,0.04371584699453552,0.4116575591985428,0.009107468123861567,0.06557377049180328,0.009107468123861567,0.43646408839779005,360,0.225,0.13333333333333333,0.18333333333333332,2.4,302,6.745033112582782,0.11258278145695365,0.2052980132450331,0.17549668874172186,0.1986754966887417
2024,ARI,535,0.024196561008134734,0.3051181102362205,0.12992125984251968,0.44299065420560746,0.5439252336448598,0.018691588785046728,0.022429906542056073,1.6732835385215423,0.10654205607476636,0.38317757009345793,0.056074766355140186,0.009345794392523364,0.028037383177570093,0.48717948717948717,319,0.3103448275862069,0.0877742946708464,0.21003134796238246,2.4,274,6.740875912408759,0.08759124087591241,0.17518248175182483,0.15693430656934307,0.3284671532846715
2024,ATL,700,-0.06585888589194061,0.20381231671554254,0.37390029325513197,0.8728571428571429,0.09428571428571429,0.04,0.0,0.6908553986690033,0.06714285714285714,0.6871428571428572,0.12857142857142856,0.02,0.005714285714285714,0.7731629392971247,378,0.18253968253968253,0.10052910052910052,0.06878306878306878,2.5,344,7.363372093023256,0.09302325581395349,0.23837209302325582,0.18023255813953487,0.13372093023255813
2024,BAL,527,-0.05931440686985051,0.27184466019417475,0.09514563106796116,0.2808349146110057,0.45540796963946867,0.3908918406072106,0.018975332068311195,2.175967838121202,0.07210626185958255,0.5009487666034156,0.03415559772296015,0.030360531309297913,0.08349146110056926,0.5024390243902439,278,0.3129496402877698,0.10071942446043165,0.2302158273381295,2.505,237,8.666666666666666,0.14345991561181434,0.2109704641350211,0.15611814345991562,0.28270042194092826
2024,BUF,534,-0.021204633777400096,0.3445692883895131,0.052434456928838954,0.6104868913857678,0.2696629213483146,0.11423220973782772,0.13857677902621723,1.8076270614568113,0.09176029962546817,0.5224719101123596,0.06367041198501873,0.06741573033707865,0.020599250936329586,0.43,306,0.23529411764705882,0.10457516339869281,0.20588235294117646,2.45,275,7.374545454545455,0.13090909090909092,0.17454545454545456,0.18181818181818182,0.2509090909090909
2024,CAR,538,-0.005579870248448501,0.40148698884758366,0.11338289962825279,0.7360594795539034,0.2211895910780669,0.03531598513011153,0.08550185873605948,1.0955967872911703,0.09479553903345725,0.4275092936802974,0.020446096654275093,0.048327137546468404,0.0018587360594795538,0.39035087719298245,309,0.31715210355987056,0.08737864077669903,0.23300970873786409,2.4,261,7.2796934865900385,0.09578544061302682,0.21839080459770116,0.17624521072796934,0.18007662835249041
2024,CHI,531,-0.048007024143948966,0.3446327683615819,0.04519774011299435,0.6817325800376648,0.2824858757062147,0.011299435028248588,0.009416195856873822,1.3436312446105156,0.060263653483992465,0.5216572504708098,0.24105461393596986,0.05649717514124294,0.026365348399246705,0.5048543689320388,310,0.26129032258064516,0.17096774193548386,0.22258064516129034,2.455,248,6.895161290322581,0.12903225806451613,0.1532258064516129,0.1532258064516129,0.11290322580645161
2024,CIN,650,0.1107173738409839,0.1476923076923077,0.07076923076923076,0.5892307692307692,0.40615384615384614,0.004615384615384616,0.036923076923076927,1.3249213743042756,0.09692307692307692,0.5030769230769231,0.024615384615384615,0.04923076923076923,0.003076923076923077,0.40512820512820513,451,0.2106430155210643,0.050997782705099776,0.1729490022172949,2.2,399,6.260651629072682,0.042606516290726815,0.22055137844611528,0.16040100250626566,0.2706766917293233
2024,CLE,566,0.026364789972471638,0.30742049469964666,0.08303886925795052,0.6731448763250883,0.2597173144876325,0.012367491166077738,0.06007067137809187,1.438510985341499,0.10424028268551237,0.46996466431095407,0.05830388692579505,0.045936395759717315,0.028268551236749116,0.4846938775510204,348,0.29310344827586204,0.07758620689655173,0.20114942528735633,2.4,290,7.913793103448276,0.1103448275862069,0.2103448275862069,0.1310344827586207,0.25517241379310346
2024,DAL,614,0.0019805529457468155,0.3202614379084967,0.0718954248366013,0.6514657980456026,0.20358306188925082,0.13029315960912052,0.004885993485342019,1.7519538429785968,0.06840390879478828,0.5260586319218241,0.03745928338762215,0.029315960912052116,0.014657980456026058,0.4032258064516129,352,0.2528409090909091,0.10511363636363637,0.1590909090909091,2.3,327,6.461773700305811,0.07951070336391437,0.2415902140672783,0.11009174311926606,0.22935779816513763
2024,DEN,575,-0.017558177402730954,0.36585365853658536,0.06968641114982578,0.6069565217391304,0.25217391304347825,0.13043478260869565,0.07652173913043478,1.8933877618415846,0.06086956521739131,0.38608695652173913,0.10260869565217391,0.05217391304347826,0.008695652173913044,0.4479638009049774,342,0.30409356725146197,0.13450292397660818,0.2543859649122807,2.5,299,6.3244147157190636,0.13043478260869565,0.1605351170568562,0.24414715719063546,0.12040133779264214
2024,DET,531,-0.050101865350344534,0.553875236294896,0.020793950850661626,0.5329566854990584,0.4350282485875706,0.026365348399246705,0.06779661016949153,1.4280845642168551,0.06591337099811675,0.6384180790960452,0.03954802259887006,0.026365348399246705,0.0,0.6198347107438017,287,0.3588850174216028,0.10104529616724739,0.10452961672473868,2.6,258,6.108527131782946,0.06201550387596899,0.3023255813953488,0.18992248062015504,0.19767441860465115
2024,GB,509,-0.10915129280929427,0.2730844793713163,0.14341846758349705,0.6227897838899804,0.3025540275049116,0.07269155206286837,0.0019646365422396855,1.3247838387603184,0.043222003929273084,0.6719056974459725,0.04911591355599214,0.08840864440078586,0.007858546168958742,0.4588235294117647,246,0.27235772357723576,0.14227642276422764,0.14634146341463414,2.4,221,6.85972850678733,0.1085972850678733,0.19909502262443438,0.17647058823529413,0.2081447963800905
2024,HOU,601,-0.0066623736348786575,0.41430948419301167,0.03993344425956739,0.6023294509151415,0.3594009983361065,0.03161397670549085,0.009983361064891847,1.2739945194330404,0.0632279534109817,0.5840266222961731,0.04159733777038269,0.029950083194675542,0.0,0.5502183406113537,372,0.27956989247311825,0.10483870967741936,0.25,2.535,313,7.97444089456869,0.09904153354632587,0.22044728434504793,0.1757188498402556,0.19488817891373802
2024,IND,630,-0.07328549465892736,0.12400635930047695,0.2178060413354531,0.6952380952380952,0.30317460317460315,0.0015873015873015873,0.0015873015873015873,1.0717534462411549,0.06031746031746032,0.4587301587301587,0.10634920634920635,0.05238095238095238,0.06349206349206349,0.4323308270676692,321,0.3426791277258567,0.09657320872274143,0.1557632398753894,2.4,278,9.356115107913668,0.1366906474820144,0.16906474820143885,0.13309352517985612,0.1510791366906475
2024,JAX,567,-0.043246443985270805,0.3315696649029982,0.05291005291005291,0.6190476190476191,0.36860670194003525,0.008818342151675485,0.029982363315696647,1.2978932344346807,0.04585537918871252,0.3844797178130511,0.10758377425044091,0.04409171075837742,0.007054673721340388,0.401673640167364,315,0.273015873015873,0.1111111111111111,0.17142857142857143,2.4,271,7.018450184501845,0.1033210332103321,0.1992619926199262,0.15867158671586715,0.24723247232472326
2024,KC,716,0.05494491461126562,0.25139664804469275,0.08798882681564246,0.4818435754189944,0.5,0.0335195530726257,0.0223463687150838,1.6699309154587956,0.07262569832402235,0.5837988826815642,0.0013966480446927375,0.06564245810055866,0.0,0.30711610486891383,448,0.24776785714285715,0.125,0.22321428571428573,2.4,383,6.399477806788512,0.08616187989556136,0.22193211488250653,0.1462140992167102,0.3263707571801567
2024,LA,649,-0.012342423954362535,0.5130970724191063,0.13559322033898305,0.8181818181818182,0.1617873651771957,0.0,0.0,0.8053079134596998,0.04930662557781202,0.8089368258859785,0.05701078582434515,0.01078582434514638,0.004622496147919877,0.43109540636042404,355,0.36056338028169016,0.10140845070422536,0.16619718309859155,2.6,328,6.637195121951219,0.08231707317073171,0.21646341463414634,0.10670731707317073,0.17378048780487804
2024,LAC,589,0.005939226464501449,0.32545454545454544,0.11090909090909092,0.5602716468590832,0.15280135823429541,0.3378607809847199,0.011884550084889643,1.921577351313367,0.11035653650254669,0.5365025466893039,0.027164685908319185,0.01697792869269949,0.006791171477079796,0.48444444444444446,352,0.3352272727272727,0.05965909090909091,0.11931818181818182,2.7,304,7.832236842105263,0.10526315789473684,0.23355263157894737,0.11513157894736842,0.22697368421052633
2024,LV,610,0.011059687113456888,0.3284072249589491,0.0755336617405583,0.4737704918032787,0.521311475409836,0.0,0.07049180327868852,1.4056220962262085,0.06557377049180328,0.6196721311475409,0.036065573770491806,0.036065573770491806,0.006557377049180328,0.3333333333333333,357,0.28291316526610644,0.0784313725490196,0.22408963585434175,2.55,310,6.396774193548387,0.0935483870967742,0.2,0.17419354838709677,0.34838709677419355
2024,MIA,609,-0.05280494658961861,0.26108374384236455,0.3185550082101806,0.2824302134646962,0.3415435139573071,0.44499178981937604,0.0,2.0683310304468088,0.13136288998357964,0.7898193760262726,0.0361247947454844,0.026272577996715927,0.016420361247947456,0.5871212121212122,334,0.30538922155688625,0.16167664670658682,0.16766467065868262,2.2,292,5.691780821917808,0.07191780821917808,0.18493150684931506,0.25,0.23972602739726026
2024,MIN,544,0.03769561144764776,0.47513812154696133,0.029465930018416207,0.5900735294117647,0.28860294117647056,0.13419117647058823,0.0,1.4508403856778422,0.04411764705882353,0.5441176470588235,0.10477941176470588,0.027573529411764705,0.0055147058823529415,0.4838709677419355,350,0.2714285714285714,0.08,0.19142857142857142,2.8,299,8.605351170568563,0.13712374581939799,0.22742474916387959,0.14381270903010032,0.22742474916387959
2024,NE,543,-0.019365823122664032,0.3701657458563536,0.06261510128913444,0.5488029465930019,0.43830570902394106,0.01289134438305709,0.07366482504604052,1.186215035550843,0.0718232044198895,0.4972375690607735,0.040515653775322284,0.04788213627992634,0.011049723756906077,0.4383561643835616,315,0.24126984126984127,0.10476190476190476,0.24126984126984127,2.3499999999999996,252,6.198412698412699,0.07539682539682539,0.20238095238095238,0.15079365079365079,0.32936507936507936
2024,NO,542,-0.06634675552254742,0.4944649446494465,0.042435424354243544,0.24169741697416974,0.5498154981549815,0.2933579335793358,0.016605166051660517,2.319856514801514,0.1088560885608856,0.5276752767527675,0.04428044280442804,0.02214022140221402,0.007380073800738007,0.6612903225806451,290,0.2655172413793103,0.1,0.23103448275862068,2.6,256,7.7578125,0.1484375,0.25,0.2421875,0.26171875
2024,NYG,582,-0.04628685395294261,0.3459552495697074,0.06196213425129088,0.6821305841924399,0.27319587628865977,0.03436426116838488,0.018900343642611683,1.409002854147686,0.07731958762886598,0.5034364261168385,0.08075601374570447,0.05326460481099656,0.044673539518900345,0.4304932735426009,324,0.30246913580246915,0.12962962962962962,0.2037037037037037,2.4,277,5.981949458483754,0.08303249097472924,0.20216606498194944,0.15162454873646208,0.09386281588447654
2024,NYJ,644,0.014143751845473335,0.2888198757763975,0.11801242236024845,0.6661490683229814,0.2748447204968944,0.052795031055900624,0.007763975155279503,1.300393895207546,0.09006211180124224,0.5108695652173914,0.059006211180124224,0.043478260869565216,0.0015527950310559005,0.5959183673469388,397,0.28211586901763225,0.08564231738035265,0.19143576826196473,2.325,359,6.545961002785515,0.10863509749303621,0.20055710306406685,0.21448467966573817,0.18662952646239556
2024,PHI,578,-0.08221532596587056,0.1314878892733564,0.20069204152249134,0.6522491349480969,0.33217993079584773,0.01730103806228374,0.005190311418685121,1.1579011133603325,0.06055363321799308,0.4757785467128028,0.28719723183391005,0.05536332179930796,0.06401384083044982,0.4336283185840708,297,0.265993265993266,0.06734006734006734,0.31313131313131315,2.6,247,7.587044534412955,0.10121457489878542,0.12550607287449392,0.1659919028340081,0.20242914979757085
2024,PIT,640,-0.07635140895479323,0.4491392801251956,0.057902973395931145,0.4875,0.4703125,0.04375,0.0328125,1.7234238790859773,0.0640625,0.4546875,0.2234375,0.0296875,0.028125,0.532319391634981,351,0.3162393162393162,0.09401709401709402,0.24786324786324787,2.6,293,7.378839590443686,0.1296928327645051,0.18088737201365188,0.2696245733788396,0.2150170648464164
2024,SEA,581,0.010161663250031079,0.26118067978533094,0.04293381037567084,0.7452667814113597,0.24096385542168675,0.0189328743545611,0.013769363166953529,1.0966737050378996,0.12048192771084337,0.5008605851979346,0.17555938037865748,0.04647160068846816,0.013769363166953529,0.37962962962962965,354,0.2401129943502825,0.12146892655367232,0.11864406779661017,2.4,301,6.853820598006645,0.11960132890365449,0.22591362126245848,0.16611295681063123,0.18604651162790697
2024,SF,527,-0.0003002627012553249,0.42314990512333966,0.06261859582542695,0.3984819734345351,0.15370018975332067,0.4629981024667932,0.015180265654648957,1.811130145068172,0.06451612903225806,0.7419354838709677,0.011385199240986717,0.011385199240986717,0.003795066413662239,0.49760765550239233,306,0.24836601307189543,0.058823529411764705,0.17647058823529413,2.55,253,8.25296442687747,0.10276679841897234,0.26877470355731226,0.1857707509881423,0.20553359683794467
2024,TB,604,-0.014686902727791456,0.3938879456706282,0.07640067911714771,0.6705298013245033,0.25,0.07781456953642384,0.008278145695364239,1.3197178465984418,0.09933774834437085,0.5811258278145696,0.014900662251655629,0.02152317880794702,0.008278145695364239,0.5502008032128514,348,0.22701149425287356,0.12643678160919541,0.1724137931034483,2.3,292,6.109589041095891,0.0821917808219178,0.2089041095890411,0.22602739726027396,0.18835616438356165
2024,TEN,554,-0.06152606777761174,0.31103074141048825,0.10126582278481013,0.6299638989169675,0.35379061371841153,0.021660649819494584,0.10469314079422383,1.318153386364109,0.08844765342960288,0.5216606498194946,0.01263537906137184,0.03429602888086643,0.01444043321299639,0.47107438016528924,297,0.31313131313131315,0.11784511784511785,0.15824915824915825,2.5,248,6.375,0.0846774193548387,0.22983870967741934,0.17338709677419356,0.2540322580645161
2024,WAS,542,0.024544729166720288,0.06642066420664207,0.18450184501845018,0.5811808118081181,0.3118081180811808,0.11070110701107011,0.01107011070110701,1.6942213561354231,0.12177121771217712,0.477859778597786,0.6697416974169742,0.06088560885608856,0.07011070110701106,0.48255813953488375,332,0.2469879518072289,0.11144578313253012,0.23493975903614459,2.4,263,7.418250950570342,0.10266159695817491,0.24334600760456274,0.1634980988593156,0.19771863117870722
2025,ARI,516,0.08010501657972241,0.37790697674418605,0.031007751937984496,0.4573643410852713,0.5135658914728682,0.001937984496124031,0.18410852713178294,1.6658716322760705,0.06395348837209303,0.5135658914728682,0.03875968992248062,0.01744186046511628,0.011627906976744186,0.5843373493975904,339,0.32448377581120946,0.10324483775811209,0.20058997050147492,2.5,288,6.288194444444445,0.09027777777777778,0.1736111111111111,0.16666666666666666,0.3576388888888889
2025,ATL,636,-0.05913686573262613,0.2125984251968504,0.3480314960629921,0.39308176100628933,0.4889937106918239,0.12421383647798742,0.0015723270440251573,1.7158854544843802,0.026729559748427674,0.7295597484276729,0.09748427672955975,0.04874213836477988,0.0015723270440251573,0.6425992779783394,356,0.25842696629213485,0.09269662921348315,0.11797752808988764,2.5,327,7.17125382262997,0.09174311926605505,0.14678899082568808,0.2415902140672783,0.24464831804281345
2025,BAL,550,-0.11174459889601757,0.3618181818181818,0.07272727272727272,0.2636363636363636,0.49818181818181817,0.3181818181818182,0.00909090909090909,2.084933148529582,0.034545454545454546,0.5690909090909091,0.02181818181818182,0.05818181818181818,0.038181818181818185,0.508,278,0.24820143884892087,0.07913669064748201,0.23741007194244604,2.4,227,7.6960352422907485,0.09691629955947137,0.21585903083700442,0.16299559471365638,0.31718061674008813
2025,BUF,555,-0.02244331521350284,0.47653429602888087,0.023465703971119134,0.6144144144144145,0.2954954954954955,0.19099099099099098,0.014414414414414415,1.749923746857368,0.09549549549549549,0.654054054054054,0.04504504504504504,0.08648648648648649,0.025225225225225224,0.41964285714285715,311,0.2861736334405145,0.09646302250803858,0.2508038585209003,2.7,253,7.292490118577075,0.10276679841897234,0.22134387351778656,0.1976284584980237,0.26877470355731226
2025,CAR,584,-0.03964235672646611,0.3715753424657534,0.0958904109589041,0.6181506849315068,0.3424657534246575,0.039383561643835614,0.011986301369863013,1.5681184951794624,0.08904109589041095,0.5256849315068494,0.015410958904109588,0.10616438356164383,0.008561643835616438,0.38671875,322,0.2888198757763975,0.062111801242236024,0.2857142857142857,2.5,272,6.180147058823529,0.08455882352941177,0.16176470588235295,0.1801470588235294,0.20220588235294118
2025,CHI,638,-0.00715038435799735,0.5266457680250783,0.025078369905956112,0.5188087774294671,0.4561128526645768,0.0,0.05799373040752351,1.5639847399364923,0.06269592476489028,0.6175548589341693,0.029780564263322883,0.048589341692789965,0.017241379310344827,0.4942528735632184,358,0.39106145251396646,0.10335195530726257,0.2877094972067039,2.7,316,7.958860759493671,0.11708860759493671,0.22468354430379747,0.14556962025316456,0.22151898734177214
2025,CIN,578,0.04945490433928672,0.20588235294117646,0.03633217993079585,0.6280276816608996,0.3304498269896194,0.03633217993079585,0.012110726643598616,1.3089629215924994,0.07439446366782007,0.5847750865051903,0.005190311418685121,0.10380622837370242,0.0017301038062283738,0.3417085427135678,371,0.18598382749326145,0.07277628032345014,0.12398921832884097,2.4,337,6.554896142433234,0.10089020771513353,0.2344213649851632,0.18397626112759644,0.20474777448071216
2025,CLE,571,-0.044543839320024224,0.404553415061296,0.028021015761821366,0.425569176882662,0.5499124343257443,0.024518388791593695,0.08581436077057793,1.4491083482776617,0.07530647985989491,0.5691768826619965,0.04203152364273205,0.043782837127845885,0.0035026269702276708,0.41338582677165353,313,0.30670926517571884,0.11182108626198083,0.23961661341853036,2.6,255,5.305882352941176,0.058823529411764705,0.2235294117647059,0.21176470588235294,0.29411764705882354
2025,DAL,635,-0.012870888469427159,0.41232227488151657,0.02527646129541864,0.6503937007874016,0.2346456692913386,0.14015748031496064,0.012598425196850394,1.6375469836095389,0.05196850393700787,0.6440944881889764,0.048818897637795275,0.050393700787401574,0.006299212598425197,0.4375,373,0.3351206434316354,0.06702412868632708,0.18230563002680966,2.6,343,7.052478134110787,0.10495626822157435,0.14285714285714285,0.16034985422740525,0.21865889212827988
2025,DEN,689,0.014429735910324823,0.3568215892053973,0.053973013493253376,0.6516690856313497,0.23222060957910015,0.16690856313497823,0.07692307692307693,1.707516200998026,0.10159651669085631,0.49201741654571846,0.12481857764876633,0.09433962264150944,0.008708272859216255,0.5510204081632653,428,0.2570093457943925,0.1191588785046729,0.26635514018691586,2.6,384,6.684895833333333,0.10416666666666667,0.15625,0.1953125,0.1796875
2025,DET,590,-0.05414350009881533,0.5406779661016949,0.005084745762711864,0.5576271186440678,0.3593220338983051,0.06779661016949153,0.08644067796610169,1.6046563464154975,0.03389830508474576,0.6457627118644068,0.04576271186440678,0.03559322033898305,0.001694915254237288,0.5482625482625483,327,0.3119266055045872,0.10703363914373089,0.1162079510703364,2.5,294,6.387755102040816,0.06802721088435375,0.30952380952380953,0.22108843537414966,0.14625850340136054
2025,GB,652,-0.05713605369070927,0.3880368098159509,0.0705521472392638,0.5874233128834356,0.3604294478527607,0.04141104294478527,0.06134969325153374,1.3264535523769536,0.06441717791411043,0.593558282208589,0.06901840490797546,0.09969325153374232,0.018404907975460124,0.4929078014184397,354,0.268361581920904,0.07062146892655367,0.18361581920903955,2.5,315,8.6,0.1492063492063492,0.18412698412698414,0.15555555555555556,0.2126984126984127
2025,HOU,614,-0.0095482088008504,0.39052287581699346,0.0,0.7100977198697068,0.13029315960912052,0.14006514657980457,0.1791530944625407,1.5212881696300125,0.04723127035830619,0.5830618892508144,0.024429967426710098,0.024429967426710098,0.008143322475570033,0.3875,364,0.26373626373626374,0.04395604395604396,0.2087912087912088,2.3,318,8.056603773584905,0.09119496855345911,0.20440251572327045,0.12264150943396226,0.20125786163522014
2025,IND,627,0.018945362570324566,0.2816,0.0448,0.6124401913875598,0.379585326953748,0.007974481658692184,0.007974481658692184,1.3376148343984315,0.06698564593301436,0.5661881977671451,0.03668261562998405,0.10366826156299841,0.007974481658692184,0.36585365853658536,368,0.33152173913043476,0.05434782608695652,0.13858695652173914,2.5,326,7.644171779141105,0.0950920245398773,0.2147239263803681,0.15950920245398773,0.2883435582822086
2025,JAX,552,0.042476519037072905,0.38768115942028986,0.030797101449275364,0.6847826086956522,0.26268115942028986,0.03985507246376811,0.07789855072463768,1.2111889485664231,0.06884057971014493,0.6467391304347826,0.05434782608695652,0.043478260869565216,0.019927536231884056,0.43842364532019706,332,0.2620481927710843,0.0783132530120482,0.16566265060240964,2.5,291,8.103092783505154,0.1134020618556701,0.2027491408934708,0.14432989690721648,0.20962199312714777
2025,KC,661,0.0471736212591251,0.2178517397881997,0.03479576399394856,0.5552193645990923,0.3888048411497731,0.06202723146747353,0.03177004538577912,1.6046837294391907,0.05597579425113464,0.5098335854765507,0.006051437216338881,0.14977307110438728,0.0030257186081694403,0.4297520661157025,417,0.2014388489208633,0.10551558752997602,0.2685851318944844,2.3,341,6.536656891495602,0.10557184750733138,0.15835777126099707,0.1436950146627566,0.2697947214076246
2025,LA,591,0.05873902154811189,0.6125211505922166,0.001692047377326565,0.6125211505922166,0.38578680203045684,0.0,0.0,1.2835281873202966,0.05245346869712352,0.6734348561759729,0.05752961082910321,0.00338409475465313,0.00338409475465313,0.4298642533936652,367,0.37329700272479566,0.08174386920980926,0.15803814713896458,2.5,347,8.371757925072046,0.11815561959654179,0.21613832853025935,0.1037463976945245,0.2420749279538905
2025,LAC,567,0.036705344093256986,0.32275132275132273,0.042328042328042326,0.5714285714285714,0.1146384479717813,0.31040564373897706,0.08112874779541446,2.001509605113432,0.05291005291005291,0.5714285714285714,0.010582010582010581,0.026455026455026454,0.007054673721340388,0.44607843137254904,355,0.27605633802816903,0.07887323943661972,0.24507042253521127,2.4,287,7.048780487804878,0.11498257839721254,0.1986062717770035,0.13588850174216027,0.18815331010452963
2025,LV,530,-0.019017222259432223,0.41320754716981134,0.04150943396226415,0.5132075471698113,0.4811320754716981,0.005660377358490566,0.03207547169811321,1.3718461938913877,0.04905660377358491,0.5849056603773585,0.052830188679245285,0.03773584905660377,0.007547169811320755,0.3492822966507177,311,0.3311897106109325,0.07395498392282958,0.15755627009646303,2.6,248,6.286290322580645,0.09274193548387097,0.16129032258064516,0.1975806451612903,0.3064516129032258
2025,MIA,436,-0.041234943908074,0.30504587155963303,0.2018348623853211,0.29128440366972475,0.2018348623853211,0.5619266055045872,0.15137614678899083,2.2590601441535987,0.0963302752293578,0.7431192660550459,0.020642201834862386,0.06651376146788991,0.006880733944954129,0.6313131313131313,235,0.3617021276595745,0.13191489361702127,0.18723404255319148,2.3,212,6.7924528301886795,0.10377358490566038,0.1792452830188679,0.25,0.20754716981132076
2025,MIN,539,-0.023217489805753895,0.5009276437847866,0.00927643784786642,0.5807050092764379,0.313543599257885,0.150278293135436,0.0037105751391465678,1.653471943575862,0.06493506493506493,0.5658627087198516,0.05380333951762523,0.059369202226345084,0.014842300556586271,0.5225225225225225,306,0.3300653594771242,0.10457516339869281,0.21568627450980393,2.5,246,7.272357723577236,0.12195121951219512,0.17073170731707318,0.17479674796747968,0.18699186991869918
2025,NE,568,0.03876029543544604,0.4381625441696113,0.0,0.5105633802816901,0.29577464788732394,0.23767605633802816,0.06338028169014084,1.7398666614605196,0.07042253521126761,0.5387323943661971,0.01232394366197183,0.01232394366197183,0.007042253521126761,0.45544554455445546,354,0.2542372881355932,0.0423728813559322,0.2288135593220339,2.7,288,9.065972222222221,0.13194444444444445,0.24305555555555555,0.17708333333333334,0.22916666666666666
2025,NO,601,-0.018051026908624836,0.259567387687188,0.03993344425956739,0.7054908485856906,0.26955074875207985,0.009983361064891847,0.029950083194675542,1.399621845056143,0.07487520798668885,0.6572379367720466,0.2146422628951747,0.07820299500831947,0.03161397670549085,0.37339055793991416,342,0.25146198830409355,0.06725146198830409,0.24269005847953215,2.4,285,6.771929824561403,0.10175438596491228,0.20350877192982456,0.15087719298245614,0.25263157894736843
2025,NYG,602,-0.05119950693586598,0.27121464226289516,0.07820299500831947,0.5083056478405316,0.48172757475083056,0.008305647840531562,0.0049833887043189366,1.3592994683112891,0.04983388704318937,0.38704318936877075,0.22093023255813954,0.132890365448505,0.03820598006644518,0.4979919678714859,325,0.3046153846153846,0.08615384615384615,0.23076923076923078,2.4,270,7.855555555555555,0.13333333333333333,0.16666666666666666,0.18888888888888888,0.21481481481481482
2025,NYJ,443,-0.12243076505288025,0.3363431151241535,0.05191873589164785,0.5688487584650113,0.309255079006772,0.1399548532731377,0.07900677200902935,1.4895795453070015,0.033860045146726865,0.6997742663656885,0.040632054176072234,0.11286681715575621,0.056433408577878104,0.413265306122449,215,0.24651162790697675,0.08372093023255814,0.24651162790697675,2.3,168,7.095238095238095,0.10119047619047619,0.13095238095238096,0.19642857142857142,0.21428571428571427
2025,PHI,585,-0.0026843121091088096,0.22393162393162394,0.07179487179487179,0.6188034188034188,0.36923076923076925,0.015384615384615385,0.041025641025641026,1.3420501078333211,0.1094017094017094,0.5299145299145299,0.20512820512820512,0.06324786324786325,0.02735042735042735,0.5092592592592593,338,0.2692307692307692,0.04142011834319527,0.28402366863905326,2.5,288,8.177083333333334,0.11458333333333333,0.16666666666666666,0.1284722222222222,0.22916666666666666
2025,PIT,616,-0.004444634768246079,0.35064935064935066,0.025974025974025976,0.4724025974025974,0.49188311688311687,0.04383116883116883,0.21266233766233766,1.744312573362039,0.14772727272727273,0.5925324675324676,0.07305194805194805,0.08279220779220779,0.0,0.541501976284585,363,0.23140495867768596,0.14600550964187328,0.1928374655647383,2.4,325,5.72,0.09230769230769231,0.19384615384615383,0.25846153846153846,0.2676923076923077
2025,SEA,499,-0.05054428863188295,0.5671342685370742,0.036072144288577156,0.3687374749498998,0.46292585170340683,0.22444889779559118,0.01002004008016032,2.131573452902556,0.1062124248496994,0.5851703406813628,0.06012024048096192,0.03006012024048096,0.006012024048096192,0.4933920704845815,268,0.291044776119403,0.07462686567164178,0.21641791044776118,2.5,237,8.046413502109704,0.12658227848101267,0.21518987341772153,0.12236286919831224,0.22784810126582278
2025,SF,589,0.005895794805774936,0.4838709677419355,0.025466893039049237,0.3599320882852292,0.16468590831918506,0.534804753820034,0.0,1.6596876426782239,0.07809847198641766,0.7470288624787776,0.025466893039049237,0.006791171477079796,0.006791171477079796,0.45689655172413796,343,0.2857142857142857,0.061224489795918366,0.15451895043731778,2.6,299,7.1638795986622075,0.09698996655518395,0.24414715719063546,0.3311036789297659,0.22408026755852842
2025,TB,657,-0.0348688293835836,0.3881278538812785,0.0426179604261796,0.6575342465753424,0.2663622526636225,0.0639269406392694,0.0167427701674277,1.3946571120385323,0.0578386605783866,0.654490106544901,0.0517503805175038,0.0882800608828006,0.0030441400304414,0.42560553633217996,365,0.2191780821917808,0.12602739726027398,0.2219178082191781,2.3,305,7.278688524590164,0.10163934426229508,0.17049180327868851,0.18032786885245902,0.1540983606557377
2025,TEN,466,-0.03463905657148226,0.3626609442060086,0.02575107296137339,0.6330472103004292,0.3240343347639485,0.04291845493562232,0.13090128755364808,1.2072954246495986,0.07510729613733906,0.5321888412017167,0.030042918454935622,0.1223175965665236,0.008583690987124463,0.4897959183673469,265,0.29056603773584905,0.14339622641509434,0.22264150943396227,2.5,224,6.647321428571429,0.09821428571428571,0.16517857142857142,0.15178571428571427,0.24107142857142858
2025,WAS,528,-0.04070118227257179,0.14772727272727273,0.19696969696969696,0.5606060606060606,0.3939393939393939,0.026515151515151516,0.10984848484848485,1.55820281365477,0.07007575757575757,0.6212121212121212,0.6268939393939394,0.06818181818181818,0.04734848484848485,0.4507042253521127,290,0.30689655172413793,0.0896551724137931,0.25517241379310346,2.5,231,8.506493506493506,0.12554112554112554,0.18181818181818182,0.10822510822510822,0.24242424242424243
