season,posteam,adot,pct_top_route,top_route
2022,ARI,6.492355,,
2022,ATL,9.466102,,
2022,BAL,8.222591,,
2022,BUF,8.692708,,
2022,CAR,6.9669423,,
2022,CHI,8.0,,
2022,CIN,6.8350515,,
2022,CLE,7.374582,,
2022,DAL,7.1936417,,
2022,DEN,7.747875,,
2022,DET,6.1706486,,
2022,GB,7.318792,,
2022,HOU,7.214765,,
2022,IND,5.966443,,
2022,JAX,6.4470587,,
2022,KC,6.8401637,,
2022,LA,7.3108616,,
2022,LAC,5.936916,,
2022,LV,8.724458,,
2022,MIA,9.3020525,,
2022,MIN,7.0901637,,
2022,NE,6.318182,,
2022,NO,8.446281,,
2022,NYG,6.3974357,,
2022,NYJ,7.724458,,
2022,PHI,8.542614,,
2022,PIT,7.399417,,
2022,SEA,7.1776505,,
2022,SF,7.2955976,,
2022,TB,6.59542,,
2022,TEN,7.6653543,,
2022,WAS,7.9141793,,
2023,ARI,6.5057917,0.1746031746031746,HITCH/CURL
2023,ATL,8.508143,0.17845117845117844,QUICK OUT
2023,BAL,7.5709877,0.1962025316455696,HITCH/CURL
2023,BUF,8.058666,0.19618528610354224,HITCH/CURL
2023,CAR,7.093863,0.21323529411764705,QUICK OUT
2023,CHI,7.299578,0.25327510917030566,QUICK OUT
2023,CIN,5.663889,0.2112676056338028,QUICK OUT
2023,CLE,8.106509,0.1926605504587156,HITCH/CURL
2023,DAL,7.8686867,0.19727891156462585,QUICK OUT
2023,DEN,5.609091,0.19248826291079812,SCREEN
2023,DET,7.1666665,0.17732558139534885,IN/DIG
2023,GB,7.9183674,0.2326283987915408,QUICK OUT
2023,HOU,8.656535,0.19047619047619047,QUICK OUT
2023,IND,6.8715596,0.19873817034700317,QUICK OUT
2023,JAX,7.3960395,0.21428571428571427,QUICK OUT
2023,KC,6.367713,0.22706422018348624,HITCH/CURL
2023,LA,7.140805,0.1945288753799392,QUICK OUT
2023,LAC,7.0817943,0.18867924528301888,HITCH/CURL
2023,LV,7.0740743,0.16923076923076924,HITCH/CURL
2023,MIA,7.6360655,0.16498316498316498,SCREEN
2023,MIN,7.038348,0.22727272727272727,QUICK OUT
2023,NE,6.327922,0.19063545150501673,SCREEN
2023,NO,7.2396164,0.19805194805194806,QUICK OUT
2023,NYG,6.769565,0.25229357798165136,QUICK OUT
2023,NYJ,6.0571427,0.21212121212121213,QUICK OUT
2023,PHI,8.116959,0.1901840490797546,HITCH/CURL
2023,PIT,6.996678,0.21575342465753425,QUICK OUT
2023,SEA,6.391549,0.20699708454810495,QUICK OUT
2023,SF,8.286586,0.1829652996845426,IN/DIG
2023,TB,7.825352,0.187683284457478,QUICK OUT
2023,TEN,8.614334,0.16549295774647887,SCREEN
2023,WAS,6.7450333,0.1951219512195122,QUICK OUT
2024,ARI,6.7408757,0.19330855018587362,QUICK OUT
2024,ATL,7.3633723,0.16666666666666666,HITCH/CURL
2024,BAL,8.707031,0.13765182186234817,IN/DIG
2024,BUF,7.48,0.1625,QUICK OUT
2024,CAR,7.2796936,0.18181818181818182,QUICK OUT
2024,CHI,6.895161,0.2245762711864407,SCREEN
2024,CIN,6.2606516,0.23785166240409208,HITCH/CURL
2024,CLE,7.913793,0.18309859154929578,QUICK OUT
2024,DAL,6.461774,0.20496894409937888,HITCH/CURL
2024,DEN,6.6168833,0.20134228187919462,QUICK OUT
2024,DET,6.2080293,0.23333333333333334,HITCH/CURL
2024,GB,7.008658,0.22072072072072071,QUICK OUT
2024,HOU,8.208571,0.18895348837209303,QUICK OUT
2024,IND,9.356115,0.18045112781954886,QUICK OUT
2024,JAX,7.0184503,0.23193916349809887,QUICK OUT
2024,KC,6.486175,0.1883720930232558,HITCH/CURL
2024,LA,6.780488,0.23140495867768596,QUICK OUT
2024,LAC,7.8322983,0.18867924528301888,HITCH/CURL
2024,LV,6.3967743,0.21843003412969283,QUICK OUT
2024,MIA,5.691781,0.19649122807017544,QUICK OUT
2024,MIN,8.520901,0.17687074829931973,QUICK OUT
2024,NE,6.198413,0.21544715447154472,HITCH/CURL
2024,NO,7.7578125,0.19327731092436976,HITCH/CURL
2024,NYG,5.9819493,0.20446096654275092,HITCH/CURL
2024,NYJ,6.545961,0.20402298850574713,QUICK OUT
2024,PHI,7.5017796,0.20817843866171004,HITCH/CURL
2024,PIT,7.2876253,0.26148409893992935,QUICK OUT
2024,SEA,6.853821,0.23986486486486486,HITCH/CURL
2024,SF,8.252964,0.1693548387096774,HITCH/CURL
2024,TB,6.1868854,0.174496644295302,QUICK OUT
2024,TEN,6.375,0.1825726141078838,HITCH/CURL
2024,WAS,6.908284,0.21036585365853658,HITCH/CURL
2025,ARI,6.2881947,0.20357142857142857,QUICK OUT
2025,ATL,7.1712537,0.18152866242038215,QUICK OUT
2025,BAL,7.6960354,0.20982142857142858,HITCH/CURL
2025,BUF,7.276873,0.16279069767441862,HITCH/CURL
2025,CAR,6.152824,0.21843003412969283,QUICK OUT
2025,CHI,7.955432,0.17994100294985252,QUICK OUT
2025,CIN,6.5548964,0.22121212121212122,HITCH/CURL
2025,CLE,5.3058825,0.17670682730923695,QUICK OUT
2025,DAL,7.0524783,0.22485207100591717,HITCH/CURL
2025,DEN,6.5763097,0.2273781902552204,QUICK OUT
2025,DET,6.387755,0.1840277777777778,QUICK OUT
2025,GB,8.628049,0.26666666666666666,QUICK OUT
2025,HOU,7.975069,0.22507122507122507,QUICK OUT
2025,IND,7.6441717,0.19811320754716982,QUICK OUT
2025,JAX,8.182965,0.18971061093247588,HITCH/CURL
2025,KC,6.536657,0.17964071856287425,HITCH/CURL
2025,LA,8.8294935,0.18414918414918416,QUICK OUT
2025,LAC,7.07541,0.20462046204620463,QUICK OUT
2025,LV,6.28629,0.23673469387755103,QUICK OUT
2025,MIA,6.792453,0.20574162679425836,QUICK OUT
2025,MIN,7.272358,0.20833333333333334,QUICK OUT
2025,NE,9.042017,0.18233618233618235,HITCH/CURL
2025,NO,6.7719297,0.2517985611510791,HITCH/CURL
2025,NYG,7.8555555,0.18352059925093633,HITCH/CURL
2025,NYJ,7.095238,0.2654320987654321,QUICK OUT
2025,PHI,8.22327,0.2262295081967213,QUICK OUT
2025,PIT,5.905444,0.21176470588235294,QUICK OUT
2025,SEA,8.184397,0.1925925925925926,HITCH/CURL
2025,SF,7.17737,0.246875,QUICK OUT
2025,TB,7.2786884,0.17880794701986755,QUICK OUT
2025,TEN,6.647321,0.18981481481481483,QUICK OUT
2025,WAS,8.506494,0.2100456621004566,HITCH/CURL
